Datum,Landesverbrauch_GWh,Endverbrauch_GWh
,,
2017-01-01,170,150
2017-01-02,179,162
2017-01-03,200,183
2017-01-04,202,188
2017-01-05,207,190
2017-01-06,211,196
2017-01-07,195,182
2017-01-08,180,165
2017-01-09,213,197
2017-01-10,216,200
2017-01-11,211,196
2017-01-12,209,194
2017-01-13,216,197
2017-01-14,202,177
2017-01-15,200,169
2017-01-16,224,205
2017-01-17,228,211
2017-01-18,228,213
2017-01-19,226,212
2017-01-20,223,210
2017-01-21,204,186
2017-01-22,203,175
2017-01-23,226,207
2017-01-24,228,212
2017-01-25,231,213
2017-01-26,229,212
2017-01-27,222,204
2017-01-28,202,177
2017-01-29,192,163
2017-01-30,213,195
2017-01-31,210,192
2017-02-01,208,186
2017-02-02,208,186
2017-02-03,207,183
2017-02-04,198,166
2017-02-05,194,160
2017-02-06,209,187
2017-02-07,214,192
2017-02-08,210,192
2017-02-09,213,195
2017-02-10,208,192
2017-02-11,183,168
2017-02-12,181,155
2017-02-13,208,190
2017-02-14,204,188
2017-02-15,203,184
2017-02-16,197,182
2017-02-17,199,185
2017-02-18,178,163
2017-02-19,176,150
2017-02-20,193,178
2017-02-21,197,179
2017-02-22,194,175
2017-02-23,190,172
2017-02-24,195,178
2017-02-25,173,158
2017-02-26,168,146
2017-02-27,188,172
2017-02-28,201,182
2017-03-01,199,182
2017-03-02,196,179
2017-03-03,192,177
2017-03-04,174,153
2017-03-05,173,144
2017-03-06,201,180
2017-03-07,199,183
2017-03-08,201,183
2017-03-09,198,180
2017-03-10,191,170
2017-03-11,178,149
2017-03-12,169,137
2017-03-13,187,168
2017-03-14,183,168
2017-03-15,181,167
2017-03-16,183,165
2017-03-17,176,161
2017-03-18,169,146
2017-03-19,162,131
2017-03-20,176,159
2017-03-21,182,164
2017-03-22,188,170
2017-03-23,182,165
2017-03-24,179,164
2017-03-25,162,139
2017-03-26,155,131
2017-03-27,175,160
2017-03-28,176,158
2017-03-29,174,157
2017-03-30,175,156
2017-03-31,168,153
2017-04-01,147,132
2017-04-02,146,125
2017-04-03,165,154
2017-04-04,169,158
2017-04-05,171,160
2017-04-06,172,160
2017-04-07,169,157
2017-04-08,145,131
2017-04-09,145,119
2017-04-10,164,148
2017-04-11,167,153
2017-04-12,165,152
2017-04-13,159,145
2017-04-14,135,120
2017-04-15,148,125
2017-04-16,142,120
2017-04-17,152,124
2017-04-18,171,158
2017-04-19,180,168
2017-04-20,177,166
2017-04-21,170,160
2017-04-22,154,135
2017-04-23,153,124
2017-04-24,169,154
2017-04-25,177,162
2017-04-26,186,171
2017-04-27,186,173
2017-04-28,183,171
2017-04-29,158,141
2017-04-30,158,124
2017-05-01,180,153
2017-05-02,175,162
2017-05-03,172,160
2017-05-04,178,161
2017-05-05,171,154
2017-05-06,165,138
2017-05-07,161,129
2017-05-08,178,162
2017-05-09,173,159
2017-05-10,169,155
2017-05-11,168,153
2017-05-12,167,153
2017-05-13,147,128
2017-05-14,146,117
2017-05-15,162,147
2017-05-16,166,149
2017-05-17,164,149
2017-05-18,169,152
2017-05-19,176,156
2017-05-20,156,131
2017-05-21,144,117
2017-05-22,161,147
2017-05-23,164,148
2017-05-24,162,145
2017-05-25,145,116
2017-05-26,151,129
2017-05-27,149,119
2017-05-28,142,112
2017-05-29,164,147
2017-05-30,167,149
2017-05-31,173,150
2017-06-01,169,148
2017-06-02,162,145
2017-06-03,150,123
2017-06-04,151,111
2017-06-05,157,118
2017-06-06,187,149
2017-06-07,176,147
2017-06-08,162,145
2017-06-09,160,146
2017-06-10,139,121
2017-06-11,148,112
2017-06-12,170,148
2017-06-13,169,149
2017-06-14,168,150
2017-06-15,165,143
2017-06-16,169,144
2017-06-17,148,120
2017-06-18,143,110
2017-06-19,166,147
2017-06-20,171,151
2017-06-21,172,153
2017-06-22,173,153
2017-06-23,174,153
2017-06-24,161,128
2017-06-25,151,115
2017-06-26,168,148
2017-06-27,171,150
2017-06-28,171,150
2017-06-29,166,146
2017-06-30,161,142
2017-07-01,147,120
2017-07-02,144,115
2017-07-03,160,142
2017-07-04,163,145
2017-07-05,165,148
2017-07-06,166,149
2017-07-07,167,148
2017-07-08,156,126
2017-07-09,153,115
2017-07-10,167,146
2017-07-11,165,144
2017-07-12,164,145
2017-07-13,164,143
2017-07-14,161,142
2017-07-15,146,118
2017-07-16,142,108
2017-07-17,154,140
2017-07-18,161,144
2017-07-19,163,144
2017-07-20,162,143
2017-07-21,160,138
2017-07-22,145,116
2017-07-23,145,106
2017-07-24,150,133
2017-07-25,157,134
2017-07-26,156,134
2017-07-27,153,134
2017-07-28,152,131
2017-07-29,152,112
2017-07-30,146,105
2017-07-31,144,124
2017-08-01,129,110
2017-08-02,154,134
2017-08-03,159,138
2017-08-04,158,138
2017-08-05,145,120
2017-08-06,150,109
2017-08-07,155,134
2017-08-08,165,141
2017-08-09,162,139
2017-08-10,164,143
2017-08-11,161,142
2017-08-12,154,119
2017-08-13,138,107
2017-08-14,155,137
2017-08-15,158,137
2017-08-16,161,146
2017-08-17,163,146
2017-08-18,164,147
2017-08-19,165,122
2017-08-20,147,110
2017-08-21,162,144
2017-08-22,162,146
2017-08-23,167,150
2017-08-24,169,152
2017-08-25,166,148
2017-08-26,148,126
2017-08-27,149,116
2017-08-28,168,149
2017-08-29,169,150
2017-08-30,173,152
2017-08-31,178,155
2017-09-01,173,150
2017-09-02,150,128
2017-09-03,146,115
2017-09-04,164,148
2017-09-05,167,150
2017-09-06,168,151
2017-09-07,166,148
2017-09-08,170,148
2017-09-09,156,130
2017-09-10,168,119
2017-09-11,177,153
2017-09-12,174,155
2017-09-13,176,157
2017-09-14,177,157
2017-09-15,170,155
2017-09-16,150,133
2017-09-17,147,124
2017-09-18,170,154
2017-09-19,178,162
2017-09-20,177,160
2017-09-21,177,159
2017-09-22,171,155
2017-09-23,148,130
2017-09-24,146,119
2017-09-25,169,153
2017-09-26,172,157
2017-09-27,175,156
2017-09-28,174,155
2017-09-29,172,153
2017-09-30,157,130
2017-10-01,159,121
2017-10-02,173,155
2017-10-03,174,156
2017-10-04,174,157
2017-10-05,169,154
2017-10-06,173,156
2017-10-07,161,133
2017-10-08,167,124
2017-10-09,176,154
2017-10-10,169,156
2017-10-11,166,155
2017-10-12,168,155
2017-10-13,167,152
2017-10-14,157,128
2017-10-15,156,119
2017-10-16,171,152
2017-10-17,173,154
2017-10-18,171,156
2017-10-19,172,155
2017-10-20,171,156
2017-10-21,150,132
2017-10-22,152,129
2017-10-23,185,167
2017-10-24,176,162
2017-10-25,178,161
2017-10-26,175,160
2017-10-27,177,163
2017-10-28,166,142
2017-10-29,170,134
2017-10-30,186,166
2017-10-31,184,170
2017-11-01,184,159
2017-11-02,180,167
2017-11-03,179,164
2017-11-04,162,142
2017-11-05,172,138
2017-11-06,196,179
2017-11-07,196,179
2017-11-08,193,180
2017-11-09,194,179
2017-11-10,192,177
2017-11-11,186,154
2017-11-12,188,144
2017-11-13,203,182
2017-11-14,203,185
2017-11-15,206,187
2017-11-16,199,188
2017-11-17,199,185
2017-11-18,180,163
2017-11-19,180,153
2017-11-20,198,185
2017-11-21,197,181
2017-11-22,195,179
2017-11-23,194,177
2017-11-24,190,173
2017-11-25,188,158
2017-11-26,189,157
2017-11-27,204,188
2017-11-28,203,190
2017-11-29,208,193
2017-11-30,210,196
2017-12-01,207,196
2017-12-02,184,174
2017-12-03,189,164
2017-12-04,213,194
2017-12-05,209,193
2017-12-06,214,197
2017-12-07,209,194
2017-12-08,207,189
2017-12-09,193,177
2017-12-10,200,169
2017-12-11,218,192
2017-12-12,221,197
2017-12-13,215,198
2017-12-14,214,195
2017-12-15,215,191
2017-12-16,204,174
2017-12-17,202,166
2017-12-18,217,197
2017-12-19,211,196
2017-12-20,204,194
2017-12-21,201,189
2017-12-22,192,179
2017-12-23,182,157
2017-12-24,174,149
2017-12-25,183,147
2017-12-26,180,152
2017-12-27,190,166
2017-12-28,190,170
2017-12-29,188,171
2017-12-30,180,157
2017-12-31,182,140
2018-01-01,184,140
2018-01-02,181,154
2018-01-03,188,169
2018-01-04,196,171
2018-01-05,187,165
2018-01-06,175,150
2018-01-07,177,144
2018-01-08,196,176
2018-01-09,199,180
2018-01-10,201,184
2018-01-11,199,182
2018-01-12,202,185
2018-01-13,183,164
2018-01-14,181,160
2018-01-15,206,188
2018-01-16,203,186
2018-01-17,210,193
2018-01-18,205,191
2018-01-19,203,187
2018-01-20,182,168
2018-01-21,180,157
2018-01-22,203,185
2018-01-23,197,183
2018-01-24,196,182
2018-01-25,195,181
2018-01-26,196,181
2018-01-27,175,159
2018-01-28,166,148
2018-01-29,195,178
2018-01-30,195,179
2018-01-31,195,179
2018-02-01,206,186
2018-02-02,203,185
2018-02-03,189,166
2018-02-04,185,156
2018-02-05,208,189
2018-02-06,204,190
2018-02-07,208,193
2018-02-08,206,192
2018-02-09,204,190
2018-02-10,188,169
2018-02-11,187,158
2018-02-12,205,188
2018-02-13,208,192
2018-02-14,207,193
2018-02-15,208,194
2018-02-16,199,185
2018-02-17,180,165
2018-02-18,180,158
2018-02-19,202,187
2018-02-20,207,190
2018-02-21,210,194
2018-02-22,215,199
2018-02-23,214,198
2018-02-24,191,174
2018-02-25,198,170
2018-02-26,224,206
2018-02-27,228,212
2018-02-28,226,210
2018-03-01,220,206
2018-03-02,218,202
2018-03-03,190,175
2018-03-04,178,156
2018-03-05,201,180
2018-03-06,206,185
2018-03-07,206,187
2018-03-08,201,182
2018-03-09,192,178
2018-03-10,174,156
2018-03-11,180,147
2018-03-12,195,176
2018-03-13,197,181
2018-03-14,193,176
2018-03-15,196,180
2018-03-16,195,175
2018-03-17,185,160
2018-03-18,185,155
2018-03-19,205,184
2018-03-20,211,192
2018-03-21,213,192
2018-03-22,205,190
2018-03-23,200,181
2018-03-24,183,157
2018-03-25,172,142
2018-03-26,193,176
2018-03-27,191,177
2018-03-28,187,174
2018-03-29,189,172
2018-03-30,167,146
2018-03-31,171,148
2018-04-01,167,139
2018-04-02,177,138
2018-04-03,182,163
2018-04-04,182,167
2018-04-05,182,168
2018-04-06,182,162
2018-04-07,162,136
2018-04-08,149,123
2018-04-09,168,155
2018-04-10,175,161
2018-04-11,172,160
2018-04-12,168,157
2018-04-13,169,156
2018-04-14,159,133
2018-04-15,153,122
2018-04-16,170,154
2018-04-17,172,153
2018-04-18,169,152
2018-04-19,167,150
2018-04-20,165,146
2018-04-21,156,123
2018-04-22,154,112
2018-04-23,165,145
2018-04-24,172,146
2018-04-25,171,147
2018-04-26,168,150
2018-04-27,162,147
2018-04-28,141,123
2018-04-29,147,114
2018-04-30,178,143
2018-05-01,173,141
2018-05-02,166,154
2018-05-03,168,156
2018-05-04,163,151
2018-05-05,150,125
2018-05-06,158,114
2018-05-07,165,146
2018-05-08,171,149
2018-05-09,163,146
2018-05-10,157,124
2018-05-11,145,132
2018-05-12,142,120
2018-05-13,160,117
2018-05-14,171,152
2018-05-15,170,156
2018-05-16,174,157
2018-05-17,176,154
2018-05-18,162,147
2018-05-19,144,124
2018-05-20,161,114
2018-05-21,156,118
2018-05-22,161,146
2018-05-23,162,148
2018-05-24,162,147
2018-05-25,158,145
2018-05-26,144,125
2018-05-27,160,116
2018-05-28,171,149
2018-05-29,174,150
2018-05-30,166,149
2018-05-31,164,142
2018-06-01,163,144
2018-06-02,145,122
2018-06-03,147,115
2018-06-04,166,147
2018-06-05,165,148
2018-06-06,170,149
2018-06-07,166,148
2018-06-08,162,148
2018-06-09,147,124
2018-06-10,153,115
2018-06-11,171,150
2018-06-12,173,151
2018-06-13,171,151
2018-06-14,172,147
2018-06-15,163,144
2018-06-16,148,123
2018-06-17,150,115
2018-06-18,166,146
2018-06-19,167,148
2018-06-20,168,150
2018-06-21,184,152
2018-06-22,190,145
2018-06-23,164,122
2018-06-24,145,113
2018-06-25,160,144
2018-06-26,160,145
2018-06-27,161,147
2018-06-28,165,148
2018-06-29,163,146
2018-06-30,150,124
2018-07-01,160,114
2018-07-02,167,147
2018-07-03,165,149
2018-07-04,162,148
2018-07-05,163,148
2018-07-06,163,147
2018-07-07,144,121
2018-07-08,137,111
2018-07-09,159,143
2018-07-10,160,146
2018-07-11,159,144
2018-07-12,158,144
2018-07-13,157,143
2018-07-14,140,122
2018-07-15,136,112
2018-07-16,157,141
2018-07-17,157,142
2018-07-18,159,142
2018-07-19,160,143
2018-07-20,156,141
2018-07-21,137,119
2018-07-22,130,108
2018-07-23,148,135
2018-07-24,148,136
2018-07-25,150,138
2018-07-26,154,138
2018-07-27,152,134
2018-07-28,142,117
2018-07-29,137,106
2018-07-30,148,132
2018-07-31,150,133
2018-08-01,130,114
2018-08-02,149,134
2018-08-03,148,136
2018-08-04,135,121
2018-08-05,139,112
2018-08-06,156,141
2018-08-07,158,143
2018-08-08,163,144
2018-08-09,164,143
2018-08-10,162,137
2018-08-11,148,117
2018-08-12,140,109
2018-08-13,158,142
2018-08-14,161,143
2018-08-15,156,135
2018-08-16,161,142
2018-08-17,158,143
2018-08-18,141,122
2018-08-19,141,113
2018-08-20,163,146
2018-08-21,163,148
2018-08-22,165,149
2018-08-23,168,151
2018-08-24,166,148
2018-08-25,145,125
2018-08-26,146,113
2018-08-27,159,144
2018-08-28,162,147
2018-08-29,168,151
2018-08-30,166,150
2018-08-31,169,151
2018-09-01,154,129
2018-09-02,146,119
2018-09-03,164,149
2018-09-04,163,149
2018-09-05,163,150
2018-09-06,164,148
2018-09-07,166,148
2018-09-08,153,124
2018-09-09,148,114
2018-09-10,165,147
2018-09-11,168,149
2018-09-12,170,151
2018-09-13,172,153
2018-09-14,171,149
2018-09-15,154,124
2018-09-16,154,116
2018-09-17,166,146
2018-09-18,170,151
2018-09-19,171,152
2018-09-20,169,151
2018-09-21,169,151
2018-09-22,145,126
2018-09-23,150,118
2018-09-24,172,150
2018-09-25,173,152
2018-09-26,168,153
2018-09-27,166,152
2018-09-28,166,150
2018-09-29,152,128
2018-09-30,144,119
2018-10-01,171,155
2018-10-02,168,156
2018-10-03,168,156
2018-10-04,168,154
2018-10-05,164,151
2018-10-06,143,128
2018-10-07,148,119
2018-10-08,164,151
2018-10-09,164,152
2018-10-10,165,152
2018-10-11,166,153
2018-10-12,165,150
2018-10-13,155,127
2018-10-14,151,118
2018-10-15,167,151
2018-10-16,166,153
2018-10-17,166,154
2018-10-18,165,153
2018-10-19,166,154
2018-10-20,148,132
2018-10-21,152,125
2018-10-22,175,159
2018-10-23,173,161
2018-10-24,174,160
2018-10-25,170,158
2018-10-26,172,159
2018-10-27,165,146
2018-10-28,174,142
2018-10-29,194,174
2018-10-30,193,176
2018-10-31,187,173
2018-11-01,188,158
2018-11-02,178,163
2018-11-03,159,142
2018-11-04,162,134
2018-11-05,184,164
2018-11-06,186,167
2018-11-07,184,166
2018-11-08,181,166
2018-11-09,180,166
2018-11-10,164,145
2018-11-11,160,132
2018-11-12,178,163
2018-11-13,187,169
2018-11-14,189,171
2018-11-15,191,173
2018-11-16,191,174
2018-11-17,180,156
2018-11-18,182,152
2018-11-19,206,189
2018-11-20,205,190
2018-11-21,204,189
2018-11-22,200,185
2018-11-23,200,184
2018-11-24,180,157
2018-11-25,181,152
2018-11-26,204,185
2018-11-27,208,189
2018-11-28,208,188
2018-11-29,204,186
2018-11-30,204,184
2018-12-01,176,159
2018-12-02,175,149
2018-12-03,198,175
2018-12-04,200,178
2018-12-05,201,181
2018-12-06,198,179
2018-12-07,193,175
2018-12-08,182,158
2018-12-09,181,150
2018-12-10,205,186
2018-12-11,207,191
2018-12-12,212,198
2018-12-13,214,199
2018-12-14,209,196
2018-12-15,194,176
2018-12-16,182,163
2018-12-17,208,190
2018-12-18,211,194
2018-12-19,206,192
2018-12-20,198,183
2018-12-21,193,174
2018-12-22,181,149
2018-12-23,181,141
2018-12-24,184,148
2018-12-25,182,144
2018-12-26,173,151
2018-12-27,180,163
2018-12-28,180,163
2018-12-29,178,157
2018-12-30,169,146
2018-12-31,171,152
2019-01-01,176,142
2019-01-02,178,158
2019-01-03,194,178
2019-01-04,196,180
2019-01-05,185,168
2019-01-06,183,156
2019-01-07,208,187
2019-01-08,211,191
2019-01-09,211,195
2019-01-10,211,197
2019-01-11,210,196
2019-01-12,191,172
2019-01-13,190,160
2019-01-14,206,188
2019-01-15,207,191
2019-01-16,211,191
2019-01-17,210,192
2019-01-18,207,193
2019-01-19,190,175
2019-01-20,184,164
2019-01-21,207,193
2019-01-22,212,199
2019-01-23,214,198
2019-01-24,212,199
2019-01-25,209,197
2019-01-26,192,171
2019-01-27,190,159
2019-01-28,210,192
2019-01-29,206,193
2019-01-30,209,194
2019-01-31,210,196
2019-02-01,208,193
2019-02-02,190,169
2019-02-03,183,163
2019-02-04,208,193
2019-02-05,211,197
2019-02-06,215,199
2019-02-07,211,197
2019-02-08,202,189
2019-02-09,183,163
2019-02-10,183,153
2019-02-11,206,188
2019-02-12,203,189
2019-02-13,202,187
2019-02-14,199,185
2019-02-15,197,181
2019-02-16,177,158
2019-02-17,175,147
2019-02-18,193,176
2019-02-19,191,177
2019-02-20,189,177
2019-02-21,189,176
2019-02-22,191,173
2019-02-23,179,154
2019-02-24,175,146
2019-02-25,190,174
2019-02-26,191,175
2019-02-27,187,171
2019-02-28,184,168
2019-03-01,185,173
2019-03-02,166,152
2019-03-03,174,139
2019-03-04,192,174
2019-03-05,190,174
2019-03-06,193,175
2019-03-07,203,175
2019-03-08,194,175
2019-03-09,183,152
2019-03-10,176,140
2019-03-11,197,179
2019-03-12,196,178
2019-03-13,199,178
2019-03-14,203,184
2019-03-15,201,177
2019-03-16,179,145
2019-03-17,174,140
2019-03-18,190,174
2019-03-19,184,174
2019-03-20,187,175
2019-03-21,186,172
2019-03-22,180,167
2019-03-23,163,142
2019-03-24,160,130
2019-03-25,184,165
2019-03-26,185,171
2019-03-27,181,169
2019-03-28,176,168
2019-03-29,177,163
2019-03-30,158,140
2019-03-31,156,127
2019-04-01,176,158
2019-04-02,175,158
2019-04-03,177,165
2019-04-04,191,179
2019-04-05,181,171
2019-04-06,157,145
2019-04-07,160,135
2019-04-08,172,161
2019-04-09,178,162
2019-04-10,179,164
2019-04-11,181,167
2019-04-12,174,163
2019-04-13,158,145
2019-04-14,161,142
2019-04-15,176,163
2019-04-16,175,161
2019-04-17,173,157
2019-04-18,166,149
2019-04-19,151,122
2019-04-20,151,120
2019-04-21,150,111
2019-04-22,162,116
2019-04-23,165,145
2019-04-24,171,149
2019-04-25,160,149
2019-04-26,170,156
2019-04-27,162,136
2019-04-28,155,129
2019-04-29,170,160
2019-04-30,167,157
2019-05-01,183,143
2019-05-02,171,155
2019-05-03,168,157
2019-05-04,165,141
2019-05-05,169,136
2019-05-06,175,162
2019-05-07,170,159
2019-05-08,176,164
2019-05-09,172,160
2019-05-10,165,153
2019-05-11,159,135
2019-05-12,150,126
2019-05-13,175,156
2019-05-14,174,156
2019-05-15,177,159
2019-05-16,168,157
2019-05-17,164,154
2019-05-18,149,131
2019-05-19,150,123
2019-05-20,175,159
2019-05-21,178,160
2019-05-22,171,153
2019-05-23,169,150
2019-05-24,164,146
2019-05-25,147,128
2019-05-26,166,117
2019-05-27,167,147
2019-05-28,165,154
2019-05-29,166,151
2019-05-30,161,120
2019-05-31,148,129
2019-06-01,153,118
2019-06-02,155,112
2019-06-03,165,145
2019-06-04,166,145
2019-06-05,169,147
2019-06-06,168,147
2019-06-07,164,144
2019-06-08,162,119
2019-06-09,151,113
2019-06-10,152,120
2019-06-11,171,147
2019-06-12,169,146
2019-06-13,175,144
2019-06-14,166,144
2019-06-15,166,122
2019-06-16,151,112
2019-06-17,165,142
2019-06-18,167,146
2019-06-19,164,147
2019-06-20,163,140
2019-06-21,167,143
2019-06-22,160,123
2019-06-23,159,113
2019-06-24,171,146
2019-06-25,173,150
2019-06-26,172,153
2019-06-27,175,155
2019-06-28,170,151
2019-06-29,162,127
2019-06-30,160,119
2019-07-01,174,152
2019-07-02,173,150
2019-07-03,167,148
2019-07-04,165,147
2019-07-05,163,146
2019-07-06,143,124
2019-07-07,145,113
2019-07-08,162,143
2019-07-09,160,142
2019-07-10,164,141
2019-07-11,160,143
2019-07-12,157,141
2019-07-13,151,117
2019-07-14,138,108
2019-07-15,157,138
2019-07-16,158,138
2019-07-17,156,138
2019-07-18,157,139
2019-07-19,150,136
2019-07-20,153,117
2019-07-21,153,109
2019-07-22,154,137
2019-07-23,154,140
2019-07-24,160,141
2019-07-25,155,141
2019-07-26,153,138
2019-07-27,151,116
2019-07-28,152,108
2019-07-29,151,128
2019-07-30,145,130
2019-07-31,144,128
2019-08-01,120,108
2019-08-02,135,123
2019-08-03,124,111
2019-08-04,134,105
2019-08-05,147,135
2019-08-06,154,141
2019-08-07,156,140
2019-08-08,163,136
2019-08-09,150,137
2019-08-10,159,120
2019-08-11,151,110
2019-08-12,161,140
2019-08-13,162,139
2019-08-14,155,138
2019-08-15,153,134
2019-08-16,148,136
2019-08-17,139,119
2019-08-18,138,112
2019-08-19,167,145
2019-08-20,166,149
2019-08-21,159,143
2019-08-22,162,145
2019-08-23,157,144
2019-08-24,140,122
2019-08-25,136,113
2019-08-26,157,145
2019-08-27,161,148
2019-08-28,163,151
2019-08-29,163,151
2019-08-30,161,148
2019-08-31,155,125
2019-09-01,150,117
2019-09-02,166,147
2019-09-03,161,146
2019-09-04,159,146
2019-09-05,164,150
2019-09-06,164,150
2019-09-07,136,125
2019-09-08,136,122
2019-09-09,160,148
2019-09-10,167,150
2019-09-11,169,149
2019-09-12,165,148
2019-09-13,161,146
2019-09-14,147,123
2019-09-15,151,115
2019-09-16,161,144
2019-09-17,167,148
2019-09-18,166,147
2019-09-19,167,148
2019-09-20,167,146
2019-09-21,158,123
2019-09-22,155,115
2019-09-23,167,147
2019-09-24,165,151
2019-09-25,164,149
2019-09-26,170,152
2019-09-27,167,147
2019-09-28,150,124
2019-09-29,158,115
2019-09-30,165,145
2019-10-01,168,149
2019-10-02,174,152
2019-10-03,177,154
2019-10-04,176,157
2019-10-05,158,132
2019-10-06,159,125
2019-10-07,171,153
2019-10-08,175,154
2019-10-09,182,160
2019-10-10,178,158
2019-10-11,178,154
2019-10-12,156,130
2019-10-13,149,119
2019-10-14,168,150
2019-10-15,176,158
2019-10-16,177,156
2019-10-17,174,155
2019-10-18,176,155
2019-10-19,163,133
2019-10-20,153,123
2019-10-21,177,156
2019-10-22,178,157
2019-10-23,176,156
2019-10-24,177,156
2019-10-25,173,154
2019-10-26,158,131
2019-10-27,143,122
2019-10-28,176,157
2019-10-29,177,163
2019-10-30,179,165
2019-10-31,178,164
2019-11-01,172,151
2019-11-02,161,136
2019-11-03,154,132
2019-11-04,178,162
2019-11-05,180,165
2019-11-06,183,169
2019-11-07,189,174
2019-11-08,191,175
2019-11-09,171,154
2019-11-10,171,147
2019-11-11,195,178
2019-11-12,196,178
2019-11-13,198,182
2019-11-14,199,183
2019-11-15,194,179
2019-11-16,173,156
2019-11-17,175,152
2019-11-18,196,180
2019-11-19,196,184
2019-11-20,193,181
2019-11-21,197,182
2019-11-22,194,179
2019-11-23,170,154
2019-11-24,170,144
2019-11-25,193,174
2019-11-26,196,176
2019-11-27,197,175
2019-11-28,200,178
2019-11-29,199,178
2019-11-30,189,159
2019-12-01,181,153
2019-12-02,207,187
2019-12-03,207,192
2019-12-04,207,192
2019-12-05,204,192
2019-12-06,201,187
2019-12-07,174,158
2019-12-08,176,147
2019-12-09,201,181
2019-12-10,202,188
2019-12-11,208,194
2019-12-12,205,192
2019-12-13,204,189
2019-12-14,179,159
2019-12-15,172,146
2019-12-16,195,177
2019-12-17,194,177
2019-12-18,197,173
2019-12-19,195,174
2019-12-20,190,168
2019-12-21,173,148
2019-12-22,169,142
2019-12-23,181,157
2019-12-24,176,152
2019-12-25,164,135
2019-12-26,162,144
2019-12-27,168,152
2019-12-28,167,149
2019-12-29,170,147
2019-12-30,180,161
2019-12-31,172,158
2020-01-01,173,147
2020-01-02,174,156
2020-01-03,178,161
2020-01-04,172,150
2020-01-05,173,147
2020-01-06,197,178
2020-01-07,197,181
2020-01-08,196,182
2020-01-09,191,179
2020-01-10,190,176
2020-01-11,175,158
2020-01-12,177,152
2020-01-13,199,184
2020-01-14,197,184
2020-01-15,194,180
2020-01-16,193,180
2020-01-17,197,183
2020-01-18,176,161
2020-01-19,182,158
2020-01-20,209,190
2020-01-21,211,194
2020-01-22,208,193
2020-01-23,214,196
2020-01-24,206,191
2020-01-25,181,166
2020-01-26,180,155
2020-01-27,202,181
2020-01-28,204,186
2020-01-29,203,186
2020-01-30,201,182
2020-01-31,192,174
2020-02-01,173,152
2020-02-02,176,143
2020-02-03,196,170
2020-02-04,205,182
2020-02-05,207,185
2020-02-06,207,188
2020-02-07,198,184
2020-02-08,175,160
2020-02-09,170,146
2020-02-10,190,169
2020-02-11,198,178
2020-02-12,196,180
2020-02-13,196,183
2020-02-14,193,177
2020-02-15,172,154
2020-02-16,163,141
2020-02-17,189,173
2020-02-18,190,176
2020-02-19,196,181
2020-02-20,191,176
2020-02-21,187,173
2020-02-22,172,150
2020-02-23,169,136
2020-02-24,180,159
2020-02-25,189,171
2020-02-26,200,183
2020-02-27,205,187
2020-02-28,192,177
2020-02-29,170,152
2020-03-01,178,141
2020-03-02,197,177
2020-03-03,196,180
2020-03-04,192,177
2020-03-05,197,183
2020-03-06,197,179
2020-03-07,173,158
2020-03-08,176,145
2020-03-09,192,176
2020-03-10,199,184
2020-03-11,186,169
2020-03-12,183,166
2020-03-13,186,167
2020-03-14,171,148
2020-03-15,171,135
2020-03-16,180,159
2020-03-17,175,156
2020-03-18,168,151
2020-03-19,159,147
2020-03-20,157,147
2020-03-21,165,135
2020-03-22,165,134
2020-03-23,184,160
2020-03-24,173,162
2020-03-25,175,162
2020-03-26,174,163
2020-03-27,165,156
2020-03-28,160,132
2020-03-29,164,131
2020-03-30,175,165
2020-03-31,171,161
2020-04-01,172,157
2020-04-02,163,151
2020-04-03,159,147
2020-04-04,152,130
2020-04-05,161,121
2020-04-06,162,140
2020-04-07,153,139
2020-04-08,147,137
2020-04-09,146,134
2020-04-10,132,114
2020-04-11,138,114
2020-04-12,140,106
2020-04-13,151,110
2020-04-14,154,138
2020-04-15,157,140
2020-04-16,149,138
2020-04-17,145,133
2020-04-18,140,117
2020-04-19,153,110
2020-04-20,171,135
2020-04-21,176,139
2020-04-22,159,136
2020-04-23,149,135
2020-04-24,150,133
2020-04-25,142,116
2020-04-26,143,111
2020-04-27,151,134
2020-04-28,154,142
2020-04-29,157,141
2020-04-30,170,145
2020-05-01,175,134
2020-05-02,163,124
2020-05-03,149,112
2020-05-04,146,134
2020-05-05,157,143
2020-05-06,160,140
2020-05-07,160,137
2020-05-08,152,134
2020-05-09,140,115
2020-05-10,151,109
2020-05-11,171,145
2020-05-12,162,148
2020-05-13,168,151
2020-05-14,169,150
2020-05-15,167,148
2020-05-16,160,123
2020-05-17,153,112
2020-05-18,157,137
2020-05-19,157,138
2020-05-20,150,135
2020-05-21,143,113
2020-05-22,151,125
2020-05-23,169,120
2020-05-24,159,110
2020-05-25,160,137
2020-05-26,151,139
2020-05-27,152,139
2020-05-28,157,140
2020-05-29,152,137
2020-05-30,162,119
2020-05-31,162,109
2020-06-01,154,113
2020-06-02,152,138
2020-06-03,152,140
2020-06-04,163,145
2020-06-05,174,143
2020-06-06,167,123
2020-06-07,159,118
2020-06-08,162,144
2020-06-09,166,150
2020-06-10,167,148
2020-06-11,167,136
2020-06-12,166,135
2020-06-13,154,119
2020-06-14,140,113
2020-06-15,155,140
2020-06-16,152,140
2020-06-17,159,145
2020-06-18,161,142
2020-06-19,158,142
2020-06-20,148,119
2020-06-21,148,109
2020-06-22,155,137
2020-06-23,152,137
2020-06-24,157,140
2020-06-25,160,142
2020-06-26,160,142
2020-06-27,157,120
2020-06-28,149,112
2020-06-29,161,140
2020-06-30,160,141
2020-07-01,163,144
2020-07-02,161,145
2020-07-03,158,141
2020-07-04,162,118
2020-07-05,149,110
2020-07-06,164,142
2020-07-07,158,141
2020-07-08,159,142
2020-07-09,158,143
2020-07-10,157,141
2020-07-11,154,120
2020-07-12,155,109
2020-07-13,157,137
2020-07-14,154,139
2020-07-15,157,141
2020-07-16,156,141
2020-07-17,151,136
2020-07-18,144,114
2020-07-19,137,105
2020-07-20,150,132
2020-07-21,154,136
2020-07-22,154,136
2020-07-23,150,135
2020-07-24,147,131
2020-07-25,142,112
2020-07-26,135,105
2020-07-27,146,129
2020-07-28,154,134
2020-07-29,150,132
2020-07-30,151,133
2020-07-31,148,133
2020-08-01,141,113
2020-08-02,148,110
2020-08-03,156,135
2020-08-04,157,135
2020-08-05,160,132
2020-08-06,152,133
2020-08-07,149,132
2020-08-08,146,117
2020-08-09,151,109
2020-08-10,160,140
2020-08-11,161,144
2020-08-12,162,145
2020-08-13,161,144
2020-08-14,156,141
2020-08-15,148,119
2020-08-16,153,112
2020-08-17,160,141
2020-08-18,153,140
2020-08-19,155,141
2020-08-20,167,145
2020-08-21,172,145
2020-08-22,159,124
2020-08-23,152,112
2020-08-24,159,140
2020-08-25,158,143
2020-08-26,164,146
2020-08-27,159,145
2020-08-28,165,145
2020-08-29,162,126
2020-08-30,170,121
2020-08-31,162,144
2020-09-01,160,145
2020-09-02,161,146
2020-09-03,163,145
2020-09-04,160,143
2020-09-05,149,121
2020-09-06,154,117
2020-09-07,164,144
2020-09-08,162,145
2020-09-09,159,146
2020-09-10,158,145
2020-09-11,159,143
2020-09-12,152,123
2020-09-13,145,114
2020-09-14,161,144
2020-09-15,161,147
2020-09-16,161,147
2020-09-17,167,147
2020-09-18,166,146
2020-09-19,155,126
2020-09-20,149,117
2020-09-21,159,143
2020-09-22,157,146
2020-09-23,163,147
2020-09-24,169,149
2020-09-25,177,154
2020-09-26,172,135
2020-09-27,162,126
2020-09-28,169,152
2020-09-29,172,158
2020-09-30,168,154
2020-10-01,176,156
2020-10-02,176,155
2020-10-03,175,136
2020-10-04,173,125
2020-10-05,186,157
2020-10-06,184,159
2020-10-07,180,159
2020-10-08,173,155
2020-10-09,165,151
2020-10-10,161,136
2020-10-11,160,130
2020-10-12,180,161
2020-10-13,181,163
2020-10-14,180,162
2020-10-15,187,169
2020-10-16,181,165
2020-10-17,159,143
2020-10-18,160,133
2020-10-19,183,164
2020-10-20,181,165
2020-10-21,179,163
2020-10-22,177,162
2020-10-23,180,162
2020-10-24,180,138
2020-10-25,164,130
2020-10-26,192,169
2020-10-27,183,167
2020-10-28,184,165
2020-10-29,186,166
2020-10-30,177,159
2020-10-31,158,141
2020-11-01,166,133
2020-11-02,174,154
2020-11-03,179,162
2020-11-04,181,167
2020-11-05,181,167
2020-11-06,177,164
2020-11-07,161,145
2020-11-08,151,135
2020-11-09,177,163
2020-11-10,180,167
2020-11-11,182,167
2020-11-12,180,165
2020-11-13,179,165
2020-11-14,163,145
2020-11-15,165,135
2020-11-16,182,165
2020-11-17,185,168
2020-11-18,186,170
2020-11-19,189,174
2020-11-20,191,177
2020-11-21,180,161
2020-11-22,168,150
2020-11-23,191,177
2020-11-24,195,182
2020-11-25,200,184
2020-11-26,199,185
2020-11-27,198,184
2020-11-28,182,166
2020-11-29,178,160
2020-11-30,209,191
2020-12-01,213,195
2020-12-02,210,195
2020-12-03,208,193
2020-12-04,208,191
2020-12-05,193,171
2020-12-06,190,162
2020-12-07,207,189
2020-12-08,209,190
2020-12-09,213,196
2020-12-10,211,197
2020-12-11,211,196
2020-12-12,183,169
2020-12-13,179,158
2020-12-14,203,185
2020-12-15,202,186
2020-12-16,198,184
2020-12-17,194,182
2020-12-18,191,177
2020-12-19,176,161
2020-12-20,171,150
2020-12-21,188,170
2020-12-22,180,163
2020-12-23,176,157
2020-12-24,178,150
2020-12-25,170,147
2020-12-26,190,153
2020-12-27,189,152
2020-12-28,183,164
2020-12-29,183,163
2020-12-30,186,165
2020-12-31,188,163
2021-01-01,179,149
2021-01-02,184,156
2021-01-03,185,154
2021-01-04,199,183
2021-01-05,207,190
2021-01-06,206,189
2021-01-07,203,189
2021-01-08,204,190
2021-01-09,192,175
2021-01-10,188,167
2021-01-11,215,198
2021-01-12,215,200
2021-01-13,207,192
2021-01-14,217,192
2021-01-15,213,194
2021-01-16,196,181
2021-01-17,189,168
2021-01-18,210,193
2021-01-19,208,195
2021-01-20,210,193
2021-01-21,211,187
2021-01-22,203,182
2021-01-23,196,168
2021-01-24,192,160
2021-01-25,210,192
2021-01-26,211,195
2021-01-27,216,199
2021-01-28,210,189
2021-01-29,204,182
2021-01-30,185,165
2021-01-31,184,153
2021-02-01,203,181
2021-02-02,197,179
2021-02-03,199,179
2021-02-04,196,178
2021-02-05,190,175
2021-02-06,171,157
2021-02-07,175,152
2021-02-08,198,181
2021-02-09,203,187
2021-02-10,208,192
2021-02-11,215,200
2021-02-12,218,204
2021-02-13,203,187
2021-02-14,199,176
2021-02-15,211,194
2021-02-16,200,183
2021-02-17,196,178
2021-02-18,199,181
2021-02-19,190,172
2021-02-20,174,152
2021-02-21,173,142
2021-02-22,187,169
2021-02-23,185,170
2021-02-24,184,168
2021-02-25,180,165
2021-02-26,178,164
2021-02-27,168,151
2021-02-28,174,144
2021-03-01,186,170
2021-03-02,182,171
2021-03-03,184,174
2021-03-04,181,170
2021-03-05,189,174
2021-03-06,169,157
2021-03-07,169,147
2021-03-08,184,170
2021-03-09,185,175
2021-03-10,183,172
2021-03-11,180,169
2021-03-12,180,167
2021-03-13,175,150
2021-03-14,187,150
2021-03-15,199,182
2021-03-16,193,181
2021-03-17,198,184
2021-03-18,193,182
2021-03-19,188,177
2021-03-20,180,161
2021-03-21,184,152
2021-03-22,195,177
2021-03-23,187,173
2021-03-24,185,167
2021-03-25,179,164
2021-03-26,175,161
2021-03-27,166,146
2021-03-28,163,133
2021-03-29,176,157
2021-03-30,172,155
2021-03-31,171,153
2021-04-01,165,148
2021-04-02,146,124
2021-04-03,168,135
2021-04-04,160,125
2021-04-05,158,133
2021-04-06,183,170
2021-04-07,187,177
2021-04-08,177,166
2021-04-09,172,160
2021-04-10,154,137
2021-04-11,154,128
2021-04-12,185,171
2021-04-13,189,171
2021-04-14,188,169
2021-04-15,184,170
2021-04-16,181,166
2021-04-17,168,145
2021-04-18,166,137
2021-04-19,175,162
2021-04-20,176,159
2021-04-21,170,158
2021-04-22,169,156
2021-04-23,172,153
2021-04-24,166,131
2021-04-25,160,120
2021-04-26,169,151
2021-04-27,165,151
2021-04-28,167,153
2021-04-29,169,156
2021-04-30,170,158
2021-05-01,168,141
2021-05-02,164,133
2021-05-03,176,156
2021-05-04,183,154
2021-05-05,179,160
2021-05-06,173,164
2021-05-07,178,161
2021-05-08,170,133
2021-05-09,160,117
2021-05-10,171,149
2021-05-11,174,156
2021-05-12,168,151
2021-05-13,147,130
2021-05-14,153,139
2021-05-15,159,133
2021-05-16,163,127
2021-05-17,171,154
2021-05-18,168,154
2021-05-19,171,157
2021-05-20,173,152
2021-05-21,185,157
2021-05-22,171,131
2021-05-23,159,118
2021-05-24,158,127
2021-05-25,169,151
2021-05-26,166,151
2021-05-27,166,153
2021-05-28,163,145
2021-05-29,156,124
2021-05-30,160,116
2021-05-31,165,143
2021-06-01,161,144
2021-06-02,167,147
2021-06-03,157,140
2021-06-04,156,143
2021-06-05,147,125
2021-06-06,149,117
2021-06-07,162,147
2021-06-08,163,147
2021-06-09,164,147
2021-06-10,165,144
2021-06-11,158,143
2021-06-12,158,122
2021-06-13,157,112
2021-06-14,164,142
2021-06-15,163,146
2021-06-16,165,146
2021-06-17,170,149
2021-06-18,170,148
2021-06-19,152,127
2021-06-20,160,118
2021-06-21,168,144
2021-06-22,166,145
2021-06-23,161,145
2021-06-24,162,147
2021-06-25,160,143
2021-06-26,149,121
2021-06-27,152,114
2021-06-28,164,145
2021-06-29,162,146
2021-06-30,161,145
2021-07-01,163,145
2021-07-02,157,141
2021-07-03,151,123
2021-07-04,147,116
2021-07-05,162,143
2021-07-06,169,147
2021-07-07,167,148
2021-07-08,166,150
2021-07-09,160,143
2021-07-10,145,121
2021-07-11,142,112
2021-07-12,158,140
2021-07-13,162,147
2021-07-14,161,145
2021-07-15,162,147
2021-07-16,154,141
2021-07-17,150,121
2021-07-18,155,111
2021-07-19,156,135
2021-07-20,153,137
2021-07-21,153,138
2021-07-22,153,139
2021-07-23,152,137
2021-07-24,149,121
2021-07-25,147,111
2021-07-26,148,133
2021-07-27,147,133
2021-07-28,158,134
2021-07-29,164,130
2021-07-30,160,130
2021-07-31,160,115
2021-08-01,151,109
2021-08-02,146,127
2021-08-03,145,132
2021-08-04,146,134
2021-08-05,149,132
2021-08-06,154,129
2021-08-07,159,118
2021-08-08,151,109
2021-08-09,157,132
2021-08-10,149,135
2021-08-11,151,138
2021-08-12,153,140
2021-08-13,157,140
2021-08-14,153,124
2021-08-15,146,116
2021-08-16,177,144
2021-08-17,175,141
2021-08-18,164,142
2021-08-19,158,143
2021-08-20,153,140
2021-08-21,136,121
2021-08-22,144,116
2021-08-23,160,142
2021-08-24,163,145
2021-08-25,161,147
2021-08-26,158,145
2021-08-27,156,143
2021-08-28,143,125
2021-08-29,144,118
2021-08-30,163,146
2021-08-31,164,148
2021-09-01,163,147
2021-09-02,163,147
2021-09-03,161,146
2021-09-04,147,125
2021-09-05,143,116
2021-09-06,161,146
2021-09-07,160,147
2021-09-08,162,147
2021-09-09,163,148
2021-09-10,161,148
2021-09-11,145,125
2021-09-12,148,116
2021-09-13,162,146
2021-09-14,163,148
2021-09-15,169,152
2021-09-16,172,152
2021-09-17,164,146
2021-09-18,150,125
2021-09-19,161,124
2021-09-20,170,150
2021-09-21,173,151
2021-09-22,170,152
2021-09-23,166,151
2021-09-24,164,148
2021-09-25,140,127
2021-09-26,156,120
2021-09-27,169,148
2021-09-28,171,151
2021-09-29,170,152
2021-09-30,168,151
2021-10-01,164,149
2021-10-02,157,126
2021-10-03,155,121
2021-10-04,179,155
2021-10-05,183,156
2021-10-06,178,158
2021-10-07,174,157
2021-10-08,173,154
2021-10-09,160,136
2021-10-10,167,130
2021-10-11,179,159
2021-10-12,179,164
2021-10-13,181,164
2021-10-14,178,164
2021-10-15,175,160
2021-10-16,161,140
2021-10-17,161,131
2021-10-18,173,160
2021-10-19,174,161
2021-10-20,172,159
2021-10-21,173,160
2021-10-22,176,164
2021-10-23,159,145
2021-10-24,163,136
2021-10-25,179,165
2021-10-26,180,167
2021-10-27,182,168
2021-10-28,186,169
2021-10-29,184,167
2021-10-30,171,148
2021-10-31,158,129
2021-11-01,183,156
2021-11-02,191,172
2021-11-03,198,178
2021-11-04,199,180
2021-11-05,193,179
2021-11-06,180,159
2021-11-07,168,147
2021-11-08,196,177
2021-11-09,197,181
2021-11-10,196,181
2021-11-11,196,177
2021-11-12,192,176
2021-11-13,177,155
2021-11-14,174,144
2021-11-15,196,177
2021-11-16,198,179
2021-11-17,197,180
2021-11-18,194,179
2021-11-19,199,181
2021-11-20,184,160
2021-11-21,180,150
2021-11-22,207,184
2021-11-23,207,188
2021-11-24,208,189
2021-11-25,210,191
2021-11-26,213,193
2021-11-27,209,172
2021-11-28,198,165
2021-11-29,217,197
2021-11-30,223,201
2021-12-01,214,192
2021-12-02,215,196
2021-12-03,213,198
2021-12-04,207,174
2021-12-05,199,165
2021-12-06,223,198
2021-12-07,221,196
2021-12-08,216,196
2021-12-09,224,200
2021-12-10,225,203
2021-12-11,204,179
2021-12-12,202,169
2021-12-13,213,193
2021-12-14,216,197
2021-12-15,214,197
2021-12-16,219,197
2021-12-17,216,193
2021-12-18,194,173
2021-12-19,196,167
2021-12-20,214,193
2021-12-21,214,196
2021-12-22,210,196
2021-12-23,200,183
2021-12-24,205,165
2021-12-25,192,148
2021-12-26,192,145
2021-12-27,186,161
2021-12-28,185,159
2021-12-29,183,158
2021-12-30,178,150
2021-12-31,177,148
2022-01-01,174,140
2022-01-02,174,142
2022-01-03,187,164
2022-01-04,189,166
2022-01-05,204,182
2022-01-06,204,187
2022-01-07,210,191
2022-01-08,193,169
2022-01-09,198,160
2022-01-10,218,192
2022-01-11,221,197
2022-01-12,225,201
2022-01-13,225,203
2022-01-14,216,199
2022-01-15,195,177
2022-01-16,193,166
2022-01-17,209,192
2022-01-18,215,196
2022-01-19,215,196
2022-01-20,218,198
2022-01-21,218,198
2022-01-22,198,176
2022-01-23,196,166
2022-01-24,213,195
2022-01-25,211,196
2022-01-26,212,198
2022-01-27,212,198
2022-01-28,209,192
2022-01-29,193,168
2022-01-30,188,156
2022-01-31,214,193
2022-02-01,222,197
2022-02-02,217,191
2022-02-03,211,187
2022-02-04,204,186
2022-02-05,191,165
2022-02-06,189,159
2022-02-07,211,187
2022-02-08,214,189
2022-02-09,209,188
2022-02-10,205,183
2022-02-11,202,185
2022-02-12,193,169
2022-02-13,192,157
2022-02-14,210,187
2022-02-15,207,189
2022-02-16,210,190
2022-02-17,207,179
2022-02-18,197,176
2022-02-19,187,160
2022-02-20,183,148
2022-02-21,209,183
2022-02-22,202,182
2022-02-23,199,178
2022-02-24,200,179
2022-02-25,194,181
2022-02-26,188,163
2022-02-27,190,156
2022-02-28,200,182
2022-03-01,197,184
2022-03-02,193,183
2022-03-03,186,176
2022-03-04,190,179
2022-03-05,176,163
2022-03-06,182,155
2022-03-07,198,183
2022-03-08,201,186
2022-03-09,202,183
2022-03-10,194,179
2022-03-11,191,176
2022-03-12,175,153
2022-03-13,171,143
2022-03-14,188,168
2022-03-15,193,176
2022-03-16,185,171
2022-03-17,184,169
2022-03-18,190,173
2022-03-19,177,150
2022-03-20,173,139
2022-03-21,192,167
2022-03-22,194,169
2022-03-23,188,168
2022-03-24,180,164
2022-03-25,178,162
2022-03-26,167,140
2022-03-27,163,129
2022-03-28,182,158
2022-03-29,174,161
2022-03-30,180,166
2022-03-31,187,171
2022-04-01,197,183
2022-04-02,182,167
2022-04-03,180,157
2022-04-04,190,177
2022-04-05,191,174
2022-04-06,189,166
2022-04-07,193,170
2022-04-08,184,169
2022-04-09,173,151
2022-04-10,165,139
2022-04-11,193,162
2022-04-12,177,157
2022-04-13,167,153
2022-04-14,163,145
2022-04-15,143,119
2022-04-16,161,122
2022-04-17,158,116
2022-04-18,149,121
2022-04-19,165,147
2022-04-20,164,151
2022-04-21,163,151
2022-04-22,165,150
2022-04-23,163,133
2022-04-24,161,129
2022-04-25,177,159
2022-04-26,176,160
2022-04-27,176,155
2022-04-28,172,153
2022-04-29,168,150
2022-04-30,163,133
2022-05-01,155,123
2022-05-02,170,149
2022-05-03,167,153
2022-05-04,165,154
2022-05-05,170,160
2022-05-06,169,159
2022-05-07,151,131
2022-05-08,158,121
2022-05-09,163,148
2022-05-10,161,146
2022-05-11,169,146
2022-05-12,167,147
2022-05-13,168,147
2022-05-14,162,122
2022-05-15,160,113
2022-05-16,165,145
2022-05-17,161,145
2022-05-18,164,145
2022-05-19,164,147
2022-05-20,165,146
2022-05-21,159,124
2022-05-22,154,116
2022-05-23,170,148
2022-05-24,168,150
2022-05-25,170,143
2022-05-26,153,116
2022-05-27,160,127
2022-05-27,159,127
2022-05-28,154,119
2022-05-29,161,114
2022-05-30,154,142
2022-05-31,163,147
2022-06-01,162,148
2022-06-02,169,146
2022-06-03,167,146
2022-06-04,163,122
2022-06-05,167,115
2022-06-06,166,117
2022-06-07,177,145
2022-06-08,168,145
2022-06-09,172,147
2022-06-10,167,142
2022-06-11,158,121
2022-06-12,169,114
2022-06-13,166,144
2022-06-14,162,145
2022-06-15,163,147
2022-06-16,154,142
2022-06-17,158,142
2022-06-18,154,125
2022-06-19,160,118
2022-06-20,171,148
2022-06-21,171,151
2022-06-22,172,151
2022-06-23,169,145
2022-06-24,171,146
2022-06-25,173,120
2022-06-26,161,114
2022-06-27,167,146
2022-06-28,167,147
2022-06-29,165,144
2022-06-30,165,146
2022-07-01,169,145
2022-07-02,174,119
2022-07-03,171,113
2022-07-04,167,146
2022-07-05,165,144
2022-07-05,164,144
2022-07-06,161,142
2022-07-07,160,143
2022-07-08,164,139
2022-07-09,161,119
2022-07-10,163,111
2022-07-11,160,138
2022-07-11,159,138
2022-07-12,157,141
2022-07-12,157,140
2022-07-12,156,140
2022-07-13,156,142
2022-07-14,163,145
2022-07-15,159,141
2022-07-15,159,140
2022-07-16,161,118
2022-07-17,165,111
2022-07-18,159,138
2022-07-18,160,138
2022-07-19,159,142
2022-07-20,159,145
2022-07-21,160,141
2022-07-22,155,137
2022-07-23,156,120
2022-07-24,158,109
2022-07-25,152,135
2022-07-26,148,134
2022-07-26,148,133
2022-07-27,153,131
2022-07-28,151,131
2022-07-29,151,132
2022-07-30,153,113
2022-07-31,158,104
2022-08-01,131,108
2022-08-01,130,108
2022-08-02,146,129
2022-08-03,148,132
2022-08-04,151,135
2022-08-05,152,135
2022-08-06,168,117
2022-08-07,162,108
2022-08-08,161,131
2022-08-08,162,131
2022-08-09,163,134
2022-08-10,164,135
2022-08-11,156,136
2022-08-11,157,136
2022-08-12,155,136
2022-08-13,147,116
2022-08-14,145,111
2022-08-15,152,132
2022-08-16,160,141
2022-08-17,161,145
2022-08-18,169,145
2022-08-19,172,146
2022-08-20,165,121
2022-08-21,162,111
2022-08-22,158,139
2022-08-22,157,139
2022-08-23,157,141
2022-08-23,158,141
2022-08-24,157,142
2022-08-25,161,143
2022-08-26,162,144
2022-08-26,161,144
2022-08-27,151,121
2022-08-28,168,113
2022-08-28,167,113
2022-08-29,166,141
2022-08-30,167,145
2022-08-30,168,145
2022-08-31,168,146
2022-08-31,167,146
2022-09-01,167,144
2022-09-01,168,144
2022-09-02,164,142
2022-09-03,158,122
2022-09-04,162,112
2022-09-05,164,144
2022-09-06,164,148
2022-09-07,165,148
2022-09-08,182,144
2022-09-09,166,143
2022-09-10,141,122
2022-09-11,143,112
2022-09-11,144,112
2022-09-12,161,141
2022-09-13,165,146
2022-09-13,166,146
2022-09-14,170,150
2022-09-15,172,150
2022-09-16,171,146
2022-09-17,178,126
2022-09-18,166,117
2022-09-19,167,143
2022-09-19,168,143
2022-09-20,165,146
2022-09-20,164,146
2022-09-21,162,146
2022-09-21,163,146
2022-09-22,157,147
2022-09-23,158,147
2022-09-23,159,147
2022-09-24,154,129
2022-09-24,153,130
2022-09-24,154,130
2022-09-25,156,122
2022-09-25,157,122
2022-09-26,170,150
2022-09-27,181,156
2022-09-28,182,160
2022-09-29,178,159
2022-09-29,178,158
2022-09-29,179,158
2022-09-30,179,155
2022-10-01,176,129
2022-10-01,176,136
2022-10-02,181,115
2022-10-02,181,121
2022-10-03,168,147
2022-10-03,168,139
2022-10-04,174,148
2022-10-04,174,140
2022-10-04,174,147
2022-10-05,175,139
2022-10-05,175,146
2022-10-06,162,145
2022-10-06,162,137
2022-10-07,159,136
2022-10-07,159,144
2022-10-08,163,126
2022-10-08,162,120
2022-10-08,162,126
2022-10-09,169,113
2022-10-09,169,119
2022-10-10,170,137
2022-10-10,170,145
2022-10-11,165,146
2022-10-11,165,138
2022-10-12,164,140
2022-10-12,165,148
2022-10-12,164,148
2022-10-13,163,149
2022-10-13,163,142
2022-10-14,167,141
2022-10-14,167,149
2022-10-14,168,149
2022-10-15,169,119
2022-10-15,169,126
2022-10-16,157,116
2022-10-16,157,110
2022-10-17,171,136
2022-10-17,171,143
2022-10-18,166,137
2022-10-18,166,144
2022-10-19,167,138
2022-10-19,167,145
2022-10-20,167,148
2022-10-20,167,141
2022-10-21,171,142
2022-10-21,171,149
2022-10-22,179,119
2022-10-22,180,125
2022-10-23,167,112
2022-10-23,167,118
2022-10-23,168,118
2022-10-24,190,144
2022-10-24,190,152
2022-10-25,173,142
2022-10-25,174,150
2022-10-25,173,150
2022-10-26,169,150
2022-10-26,169,142
2022-10-27,163,141
2022-10-27,163,149
2022-10-28,162,149
2022-10-28,161,142
2022-10-28,161,149
2022-10-29,150,121
2022-10-29,150,128
2022-10-30,142,118
2022-10-30,142,112
2022-10-31,165,145
2022-10-31,166,145
2022-10-31,158,133
2022-11-01,183,142
2022-11-01,183,135
2022-11-01,184,142
2022-11-02,178,154
2022-11-02,179,154
2022-11-02,178,147
2022-11-03,173,152
2022-11-03,173,159
2022-11-03,174,159
2022-11-04,175,152
2022-11-04,175,159
2022-11-05,171,141
2022-11-05,170,134
2022-11-06,177,133
2022-11-06,177,127
2022-11-07,179,151
2022-11-07,179,158
2022-11-08,180,161
2022-11-08,180,155
2022-11-08,181,161
2022-11-09,181,165
2022-11-09,181,157
2022-11-10,177,160
2022-11-10,176,153
2022-11-11,177,153
2022-11-11,177,161
2022-11-12,166,142
2022-11-12,166,135
2022-11-12,167,142
2022-11-13,172,128
2022-11-13,172,135
2022-11-14,186,165
2022-11-14,186,158
2022-11-15,181,166
2022-11-15,181,158
2022-11-15,182,166
2022-11-16,182,161
2022-11-16,182,154
2022-11-17,184,162
2022-11-17,184,155
2022-11-18,193,159
2022-11-18,194,166
2022-11-18,193,166
2022-11-19,184,142
2022-11-19,185,149
2022-11-20,189,135
2022-11-20,189,142
2022-11-20,189,141
2022-11-21,193,162
2022-11-21,193,170
2022-11-22,201,176
2022-11-22,201,168
2022-11-23,199,177
2022-11-23,199,169
2022-11-24,194,168
2022-11-24,194,176
2022-11-25,199,175
2022-11-25,200,175
2022-11-25,199,167
2022-11-26,189,147
2022-11-26,190,154
2022-11-27,188,139
2022-11-27,189,146
2022-11-28,199,172
2022-11-28,198,164
2022-11-28,198,172
2022-11-29,198,175
2022-11-29,198,167
2022-11-30,203,179
2022-11-30,203,177
2022-11-30,194,165
2022-12-01,204,135
2022-12-01,204,183
2022-12-01,205,183
2022-12-02,201,134
2022-12-02,202,182
2022-12-03,198,163
2022-12-03,199,163
2022-12-03,198,120
2022-12-04,190,152
2022-12-04,190,153
2022-12-04,189,112
2022-12-05,204,181
2022-12-05,203,134
2022-12-05,204,182
2022-12-06,209,186
2022-12-06,208,138
2022-12-07,209,139
2022-12-07,209,189
2022-12-07,210,189
2022-12-08,207,184
2022-12-08,207,135
2022-12-08,208,184
2022-12-09,213,138
2022-12-09,213,188
2022-12-09,214,188
2022-12-10,204,126
2022-12-10,204,170
2022-12-10,204,171
2022-12-11,197,123
2022-12-11,197,167
2022-12-11,198,168
2022-12-12,222,200
2022-12-12,223,201
2022-12-12,222,148
2022-12-13,224,149
2022-12-13,224,201
2022-12-13,225,202
2022-12-14,216,193
2022-12-14,217,194
2022-12-14,216,143
2022-12-15,217,142
2022-12-15,218,192
2022-12-15,217,192
2022-12-16,215,143
2022-12-16,216,193
2022-12-16,215,193
2022-12-17,198,130
2022-12-17,197,176
2022-12-17,198,177
2022-12-18,188,123
2022-12-18,188,166
2022-12-18,189,166
2022-12-19,204,137
2022-12-19,204,184
2022-12-19,205,184
2022-12-20,208,180
2022-12-20,208,133
2022-12-20,209,180
2022-12-21,203,129
2022-12-21,202,175
2022-12-21,203,175
2022-12-22,191,123
2022-12-22,191,166
2022-12-23,192,157
2022-12-23,191,115
2022-12-23,191,157
2022-12-24,180,140
2022-12-24,179,103
2022-12-24,179,140
2022-12-25,177,130
2022-12-25,177,96
2022-12-26,195,135
2022-12-26,195,99
2022-12-26,195,136
2022-12-27,183,109
2022-12-27,183,148
2022-12-27,183,149
2022-12-28,189,149
2022-12-28,189,110
2022-12-28,189,150
2022-12-29,174,148
2022-12-29,173,108
2022-12-29,173,147
2022-12-30,176,147
2022-12-30,175,147
2022-12-30,175,108
2022-12-31,174,134
2022-12-31,173,100
2022-12-31,173,99
2022-12-31,173,134
2022-12-31,167,94
2023-01-01,155,123
2023-01-01,156,123
2023-01-01,154,120
2023-01-02,154,133
2023-01-02,156,135
2023-01-03,170,154
2023-01-03,168,151
2023-01-03,171,154
2023-01-04,183,159
2023-01-04,183,158
2023-01-04,181,155
2023-01-05,183,158
2023-01-05,181,154
2023-01-05,183,157
2023-01-06,181,161
2023-01-06,179,158
2023-01-06,182,161
2023-01-07,168,145
2023-01-07,169,144
2023-01-07,168,144
2023-01-07,169,145
2023-01-07,167,141
2023-01-08,175,138
2023-01-08,177,142
2023-01-09,197,168
2023-01-09,200,172
2023-01-09,199,172
2023-01-10,197,171
2023-01-10,199,175
2023-01-10,200,175
2023-01-11,197,175
2023-01-11,195,172
2023-01-11,197,176
2023-01-11,196,176
2023-01-12,195,176
2023-01-12,193,172
2023-01-13,192,173
2023-01-13,190,169
2023-01-13,193,173
2023-01-14,181,148
2023-01-14,182,152
2023-01-14,183,152
2023-01-15,186,148
2023-01-15,185,148
2023-01-15,184,145
2023-01-15,186,149
2023-01-16,209,183
2023-01-16,207,179
2023-01-16,210,184
2023-01-16,209,184
2023-01-17,206,184
2023-01-17,208,189
2023-01-18,211,186
2023-01-18,213,191
2023-01-18,214,191
2023-01-19,211,196
2023-01-19,209,191
2023-01-19,212,196
2023-01-20,213,194
2023-01-20,216,199
2023-01-21,204,174
2023-01-21,206,178
2023-01-21,207,178
2023-01-22,196,166
2023-01-22,196,167
2023-01-22,195,167
2023-01-22,194,163
2023-01-23,214,192
2023-01-23,217,196
2023-01-23,216,196
2023-01-24,208,188
2023-01-24,210,192
2023-01-24,211,192
2023-01-24,211,193
2023-01-25,210,188
2023-01-25,213,193
2023-01-25,212,193
2023-01-26,214,194
2023-01-26,214,195
2023-01-26,212,190
2023-01-26,215,195
2023-01-27,213,194
2023-01-27,211,190
2023-01-27,214,194
2023-01-28,191,168
2023-01-28,192,172
2023-01-28,193,172
2023-01-29,186,159
2023-01-29,189,163
2023-01-29,188,163
2023-01-30,207,190
2023-01-30,207,189
2023-01-30,208,190
2023-01-30,205,185
2023-01-31,206,186
2023-01-31,207,186
2023-01-31,206,185
2023-01-31,196,175
2023-02-01,204,183
2023-02-01,204,160
2023-02-01,205,184
2023-02-02,202,158
2023-02-02,203,181
2023-02-02,202,181
2023-02-03,195,177
2023-02-03,194,176
2023-02-03,185,154
2023-02-04,186,158
2023-02-04,188,159
2023-02-04,185,138
2023-02-04,187,158
2023-02-04,188,158
2023-02-05,186,134
2023-02-05,196,154
2023-02-05,197,154
2023-02-05,198,154
2023-02-06,201,182
2023-02-06,203,182
2023-02-06,204,183
2023-02-06,191,159
2023-02-07,206,186
2023-02-07,193,161
2023-02-07,205,185
2023-02-07,203,185
2023-02-08,207,166
2023-02-08,210,192
2023-02-08,209,191
2023-02-08,210,191
2023-02-08,207,191
2023-02-09,201,189
2023-02-09,198,165
2023-02-09,199,189
2023-02-09,202,190
2023-02-10,200,185
2023-02-10,188,161
2023-02-10,201,185
2023-02-10,198,185
2023-02-11,179,161
2023-02-11,169,140
2023-02-11,180,161
2023-02-11,181,162
2023-02-11,181,161
2023-02-12,177,148
2023-02-12,176,148
2023-02-12,175,148
2023-02-12,166,129
2023-02-12,177,149
2023-02-13,277,244
2023-02-13,194,175
2023-02-13,195,175
2023-02-13,196,175
2023-02-14,184,154
2023-02-14,196,177
2023-02-14,195,177
2023-02-14,194,177
2023-02-15,193,175
2023-02-15,195,176
2023-02-15,183,153
2023-02-15,194,175
2023-02-15,195,175
2023-02-16,184,171
2023-02-16,187,171
2023-02-16,185,171
2023-02-16,175,149
2023-02-16,186,171
2023-02-16,186,170
2023-02-17,180,166
2023-02-17,182,166
2023-02-17,183,166
2023-02-17,172,145
2023-02-18,170,142
2023-02-18,168,143
2023-02-18,161,125
2023-02-18,170,143
2023-02-19,177,136
2023-02-19,178,136
2023-02-19,169,119
2023-02-19,179,136
2023-02-20,170,141
2023-02-20,182,161
2023-02-20,180,161
2023-02-20,181,161
2023-02-21,171,162
2023-02-21,161,142
2023-02-21,173,162
2023-02-21,174,163
2023-02-22,165,143
2023-02-22,177,163
2023-02-22,175,163
2023-02-22,177,164
2023-02-22,178,164
2023-02-23,174,161
2023-02-23,173,160
2023-02-23,163,141
2023-02-23,174,160
2023-02-23,175,161
2023-02-24,172,160
2023-02-24,173,160
2023-02-24,173,159
2023-02-24,171,160
2023-02-24,161,140
2023-02-25,154,128
2023-02-25,166,147
2023-02-25,166,148
2023-02-25,164,147
2023-02-26,190,151
2023-02-26,190,150
2023-02-26,188,151
2023-02-26,177,131
2023-02-26,189,151
2023-02-26,190,152
2023-02-27,200,181
2023-02-27,185,158
2023-02-27,198,181
2023-02-27,199,181
2023-02-27,200,182
2023-02-28,196,183
2023-02-28,196,184
2023-02-28,187,176
2023-02-28,196,182
2023-02-28,197,184
2023-02-28,175,154
2023-03-01,199,185
2023-03-01,199,171
2023-03-02,191,166
2023-03-02,192,179
2023-03-02,191,179
2023-03-03,186,163
2023-03-03,186,176
2023-03-03,186,175
2023-03-04,163,138
2023-03-04,163,150
2023-03-04,163,149
2023-03-05,156,132
2023-03-05,155,142
2023-03-05,156,143
2023-03-06,184,160
2023-03-06,184,173
2023-03-06,185,173
2023-03-07,185,171
2023-03-07,185,159
2023-03-08,187,171
2023-03-08,188,172
2023-03-08,187,159
2023-03-09,178,162
2023-03-09,179,163
2023-03-09,178,151
2023-03-10,186,169
2023-03-10,186,168
2023-03-10,186,156
2023-03-11,173,155
2023-03-11,173,143
2023-03-12,175,138
2023-03-12,175,128
2023-03-13,179,145
2023-03-13,180,156
2023-03-14,187,167
2023-03-14,187,155
2023-03-14,188,167
2023-03-15,181,155
2023-03-15,182,167
2023-03-15,181,167
2023-03-16,190,153
2023-03-16,190,164
2023-03-16,191,165
2023-03-17,178,147
2023-03-17,178,159
2023-03-18,169,125
2023-03-18,170,135
2023-03-18,170,134
2023-03-18,169,134
2023-03-19,162,129
2023-03-19,162,120
2023-03-20,169,144
2023-03-20,169,155
2023-03-21,171,155
2023-03-21,170,155
2023-03-21,170,144
2023-03-22,170,139
2023-03-22,170,150
2023-03-22,172,150
2023-03-23,167,142
2023-03-23,168,152
2023-03-24,174,158
2023-03-24,174,147
2023-03-24,175,158
2023-03-25,182,139
2023-03-25,182,128
2023-03-26,176,123
2023-03-26,176,133
2023-03-27,185,154
2023-03-27,186,166
2023-03-27,186,167
2023-03-28,184,161
2023-03-28,183,161
2023-03-28,183,150
2023-03-29,176,158
2023-03-29,176,146
2023-03-29,176,157
2023-03-30,183,158
2023-03-30,182,147
2023-03-31,181,159
2023-03-31,180,157
2023-03-31,166,137
2023-03-31,180,159
2023-04-01,184,140
2023-04-01,184,125
2023-04-02,169,117
2023-04-02,169,129
2023-04-03,186,162
2023-04-03,185,162
2023-04-03,185,147
2023-04-04,189,163
2023-04-04,189,162
2023-04-04,189,148
2023-04-05,181,145
2023-04-05,182,160
2023-04-05,182,161
2023-04-05,181,160
2023-04-06,176,140
2023-04-06,176,155
2023-04-06,177,155
2023-04-07,151,136
2023-04-07,152,136
2023-04-07,151,123
2023-04-08,147,133
2023-04-08,147,120
2023-04-08,147,134
2023-04-09,157,120
2023-04-09,157,108
2023-04-10,171,110
2023-04-10,171,122
2023-04-10,171,121
2023-04-11,164,137
2023-04-11,164,150
2023-04-11,164,151
2023-04-12,164,140
2023-04-12,164,154
2023-04-13,170,158
2023-04-13,170,143
2023-04-14,170,153
2023-04-14,170,137
2023-04-14,171,153
2023-04-15,155,125
2023-04-15,155,139
2023-04-16,156,120
2023-04-16,156,134
2023-04-17,166,152
2023-04-17,166,137
2023-04-18,163,149
2023-04-18,163,134
2023-04-19,165,152
2023-04-19,166,137
2023-04-20,176,165
2023-04-20,176,148
2023-04-21,168,156
2023-04-21,168,140
2023-04-22,154,117
2023-04-22,154,131
2023-04-22,155,131
2023-04-23,157,108
2023-04-23,157,121
2023-04-24,179,150
2023-04-24,179,135
2023-04-24,179,151
2023-04-25,174,140
2023-04-25,174,155
2023-04-26,166,135
2023-04-26,166,150
2023-04-27,165,144
2023-04-27,165,130
2023-04-27,165,145
2023-04-28,160,132
2023-04-28,160,148
2023-04-29,145,108
2023-04-29,146,121
2023-04-29,146,122
2023-04-30,150,115
2023-04-30,139,95
2023-05-01,170,137
2023-05-02,162,143
2023-05-03,159,140
2023-05-04,159,138
2023-05-04,159,137
2023-05-05,154,138
2023-05-05,154,137
2023-05-06,140,116
2023-05-06,141,116
2023-05-07,151,112
2023-05-07,151,111
2023-05-08,158,140
2023-05-08,159,140
2023-05-09,156,141
2023-05-09,157,142
2023-05-09,156,142
2023-05-09,157,141
2023-05-10,158,145
2023-05-11,157,145
2023-05-11,157,146
2023-05-12,156,141
2023-05-12,156,142
2023-05-13,147,124
2023-05-14,146,116
2023-05-14,147,116
2023-05-15,160,143
2023-05-15,160,142
2023-05-16,168,150
2023-05-16,168,151
2023-05-17,158,144
2023-05-18,151,120
2023-05-18,151,119
2023-05-19,161,129
2023-05-19,160,128
2023-05-20,156,119
2023-05-21,152,109
2023-05-21,152,108
2023-05-22,150,133
2023-05-22,149,132
2023-05-23,154,137
2023-05-23,153,137
2023-05-24,157,144
2023-05-24,155,144
2023-05-25,159,139
2023-05-26,164,134
2023-05-26,163,134
2023-05-27,147,115
2023-05-27,147,114
2023-05-27,146,114
2023-05-27,146,115
2023-05-28,151,106
2023-05-28,151,105
2023-05-29,155,111
2023-05-29,155,110
2023-05-29,154,110
2023-05-30,155,135
2023-05-30,156,135
2023-05-31,147,127
2023-05-31,158,137
2023-06-01,150,138
2023-06-01,150,137
2023-06-02,153,136
2023-06-02,153,135
2023-06-03,151,117
2023-06-04,151,110
2023-06-04,151,109
2023-06-05,151,136
2023-06-05,151,135
2023-06-05,152,136
2023-06-06,150,136
2023-06-06,150,137
2023-06-07,152,136
2023-06-08,154,131
2023-06-08,154,132
2023-06-09,158,133
2023-06-09,158,134
2023-06-10,153,116
2023-06-11,148,108
2023-06-12,158,135
2023-06-13,160,136
2023-06-13,160,135
2023-06-14,161,134
2023-06-15,155,134
2023-06-15,156,135
2023-06-16,152,135
2023-06-17,144,115
2023-06-18,146,108
2023-06-19,159,138
2023-06-20,160,140
2023-06-21,159,141
2023-06-22,160,142
2023-06-22,160,143
2023-06-23,159,135
2023-06-24,151,114
2023-06-25,150,107
2023-06-25,150,108
2023-06-26,167,138
2023-06-27,163,137
2023-06-27,163,138
2023-06-28,158,137
2023-06-29,153,138
2023-06-29,154,138
2023-06-30,151,130
2023-06-30,162,140
2023-07-01,171,115
2023-07-01,172,117
2023-07-02,165,108
2023-07-02,166,109
2023-07-03,170,132
2023-07-03,171,135
2023-07-03,171,134
2023-07-04,154,135
2023-07-04,155,137
2023-07-05,167,137
2023-07-05,168,139
2023-07-06,151,135
2023-07-06,151,136
2023-07-06,150,133
2023-07-07,157,132
2023-07-07,158,134
2023-07-08,149,115
2023-07-08,150,117
2023-07-09,142,108
2023-07-09,142,109
2023-07-10,155,139
2023-07-10,154,137
2023-07-10,154,139
2023-07-11,160,142
2023-07-11,159,140
2023-07-12,169,142
2023-07-12,170,144
2023-07-13,161,133
2023-07-13,162,136
2023-07-14,159,132
2023-07-14,159,130
2023-07-15,167,115
2023-07-15,167,116
2023-07-16,155,105
2023-07-16,156,107
2023-07-17,152,130
2023-07-17,153,132
2023-07-18,150,135
2023-07-18,149,133
2023-07-19,149,135
2023-07-19,148,132
2023-07-20,147,130
2023-07-20,147,128
2023-07-21,251,234
2023-07-21,142,129
2023-07-22,144,107
2023-07-22,144,108
2023-07-23,154,100
2023-07-23,154,102
2023-07-24,145,127
2023-07-24,144,125
2023-07-25,138,124
2023-07-25,137,122
2023-07-26,149,121
2023-07-26,149,122
2023-07-27,135,120
2023-07-27,134,118
2023-07-28,137,122
2023-07-28,136,120
2023-07-29,137,108
2023-07-29,138,110
2023-07-30,158,97
2023-07-30,158,98
2023-07-31,147,111
2023-07-31,136,102
2023-07-31,136,101
2023-08-01,127,104
2023-08-02,152,120
2023-08-02,152,119
2023-08-03,156,119
2023-08-03,156,118
2023-08-04,132,121
2023-08-04,132,120
2023-08-05,129,106
2023-08-05,129,107
2023-08-06,149,103
2023-08-07,151,125
2023-08-07,151,126
2023-08-07,152,126
2023-08-08,149,125
2023-08-08,149,124
2023-08-09,140,127
2023-08-10,140,126
2023-08-10,140,127
2023-08-11,151,130
2023-08-11,151,129
2023-08-12,144,116
2023-08-12,144,117
2023-08-13,152,108
2023-08-13,152,109
2023-08-14,156,135
2023-08-15,149,133
2023-08-16,156,138
2023-08-16,156,137
2023-08-17,158,140
2023-08-17,158,139
2023-08-18,156,136
2023-08-18,156,137
2023-08-19,147,118
2023-08-19,147,119
2023-08-20,141,112
2023-08-20,141,113
2023-08-21,158,143
2023-08-22,168,147
2023-08-22,168,148
2023-08-23,171,148
2023-08-23,172,149
2023-08-23,171,149
2023-08-24,170,149
2023-08-24,170,150
2023-08-25,164,146
2023-08-25,164,147
2023-08-26,153,122
2023-08-26,153,123
2023-08-27,157,113
2023-08-27,156,113
2023-08-27,157,112
2023-08-28,164,141
2023-08-28,164,142
2023-08-29,161,142
2023-08-29,161,141
2023-08-30,154,138
2023-08-30,154,139
2023-08-31,146,130
2023-08-31,157,140
2023-09-01,150,135
2023-09-01,150,133
2023-09-02,139,116
2023-09-02,139,113
2023-09-03,141,107
2023-09-03,141,109
2023-09-04,165,136
2023-09-04,165,134
2023-09-05,165,137
2023-09-05,165,140
2023-09-06,159,138
2023-09-06,159,141
2023-09-07,163,138
2023-09-07,163,140
2023-09-08,160,138
2023-09-08,160,140
2023-09-09,145,118
2023-09-09,145,120
2023-09-10,144,111
2023-09-10,144,109
2023-09-11,152,139
2023-09-11,152,137
2023-09-12,154,139
2023-09-12,154,142
2023-09-13,159,142
2023-09-13,159,145
2023-09-14,153,137
2023-09-14,153,140
2023-09-15,156,135
2023-09-15,155,138
2023-09-15,156,138
2023-09-16,146,119
2023-09-16,146,117
2023-09-17,137,108
2023-09-17,137,110
2023-09-18,165,139
2023-09-18,165,141
2023-09-19,164,139
2023-09-19,164,137
2023-09-20,168,136
2023-09-20,168,139
2023-09-21,160,139
2023-09-21,160,141
2023-09-22,162,137
2023-09-22,162,140
2023-09-23,157,119
2023-09-23,157,116
2023-09-24,162,111
2023-09-24,162,108
2023-09-25,163,136
2023-09-25,163,133
2023-09-26,155,138
2023-09-26,155,135
2023-09-27,154,136
2023-09-27,154,139
2023-09-28,155,136
2023-09-28,155,139
2023-09-29,159,138
2023-09-29,159,136
2023-09-30,130,107
2023-09-30,140,118
2023-10-01,136,108
2023-10-01,136,109
2023-10-02,151,135
2023-10-02,151,136
2023-10-03,158,138
2023-10-03,158,140
2023-10-03,159,140
2023-10-04,157,138
2023-10-04,157,139
2023-10-05,153,141
2023-10-05,155,141
2023-10-06,155,140
2023-10-06,155,139
2023-10-07,145,120
2023-10-07,145,119
2023-10-08,132,111
2023-10-08,132,110
2023-10-09,150,137
2023-10-10,152,137
2023-10-10,152,139
2023-10-11,154,138
2023-10-11,155,140
2023-10-12,153,138
2023-10-12,153,139
2023-10-12,153,140
2023-10-13,156,137
2023-10-13,156,138
2023-10-14,138,122
2023-10-15,146,117
2023-10-15,146,118
2023-10-16,160,145
2023-10-16,161,147
2023-10-16,161,146
2023-10-17,165,148
2023-10-17,165,150
2023-10-18,166,151
2023-10-18,166,153
2023-10-18,166,152
2023-10-19,168,150
2023-10-19,168,152
2023-10-19,168,151
2023-10-20,180,150
2023-10-20,180,152
2023-10-21,171,128
2023-10-21,171,130
2023-10-22,159,120
2023-10-22,159,119
2023-10-23,166,149
2023-10-23,166,151
2023-10-23,167,151
2023-10-24,180,159
2023-10-24,180,157
2023-10-25,178,156
2023-10-25,177,154
2023-10-26,175,156
2023-10-26,174,154
2023-10-27,173,152
2023-10-27,173,153
2023-10-28,168,132
2023-10-28,168,133
2023-10-29,174,123
2023-10-29,174,122
2023-10-30,178,156
2023-10-30,178,157
2023-10-31,176,151
2023-10-31,184,159
2023-11-01,179,152
2023-11-01,179,150
2023-11-02,195,162
2023-11-02,195,165
2023-11-02,194,165
2023-11-03,181,164
2023-11-03,181,161
2023-11-04,181,147
2023-11-04,182,145
2023-11-05,166,133
2023-11-05,165,135
2023-11-06,178,157
2023-11-06,178,160
2023-11-07,183,164
2023-11-07,182,166
2023-11-08,184,166
2023-11-08,184,168
2023-11-09,190,172
2023-11-09,190,174
2023-11-10,187,168
2023-11-10,187,171
2023-11-11,177,150
2023-11-11,177,152
2023-11-12,173,144
2023-11-12,173,146
2023-11-13,184,161
2023-11-13,184,164
2023-11-14,186,163
2023-11-14,186,165
2023-11-15,185,162
2023-11-15,185,164
2023-11-16,184,167
2023-11-16,184,169
2023-11-17,187,167
2023-11-17,187,170
2023-11-18,184,151
2023-11-18,184,153
2023-11-19,181,136
2023-11-19,181,138
2023-11-20,185,162
2023-11-20,185,164
2023-11-21,187,171
2023-11-21,187,170
2023-11-21,187,168
2023-11-22,192,173
2023-11-22,192,176
2023-11-23,191,173
2023-11-23,191,175
2023-11-24,190,174
2023-11-24,190,171
2023-11-25,184,162
2023-11-25,184,160
2023-11-26,181,151
2023-11-26,181,154
2023-11-27,196,180
2023-11-27,196,183
2023-11-27,196,182
2023-11-28,205,187
2023-11-28,205,184
2023-11-29,208,185
2023-11-29,208,188
2023-11-30,206,183
2023-11-30,214,192
2023-12-01,212,189
2023-12-02,195,175
2023-12-02,195,174
2023-12-03,197,173
2023-12-03,196,173
2023-12-04,214,199
2023-12-04,214,197
2023-12-05,209,192
2023-12-05,209,193
2023-12-06,210,192
2023-12-06,210,191
2023-12-07,209,195
2023-12-08,200,184
2023-12-08,200,185
2023-12-09,194,164
2023-12-09,194,163
2023-12-10,190,149
2023-12-11,198,173
2023-12-11,198,174
2023-12-12,193,173
2023-12-12,193,174
2023-12-13,198,178
2023-12-13,198,177
2023-12-14,197,179
2023-12-14,197,180
2023-12-15,196,179
2023-12-15,196,177
2023-12-16,191,166
2023-12-16,191,165
2023-12-17,199,157
2023-12-18,202,182
2023-12-18,202,181
2023-12-19,193,179
2023-12-20,192,176
2023-12-20,192,175
2023-12-21,189,172
2023-12-22,189,163
2023-12-23,183,144
2023-12-23,183,145
2023-12-24,191,136
2023-12-24,191,135
2023-12-25,187,130
2023-12-26,178,140
2023-12-27,173,150
2023-12-28,181,152
2023-12-29,188,146
2023-12-30,177,140
2023-12-31,190,142
2023-12-31,190,141
2023-12-31,182,136
2024-01-01,185,138
2024-01-01,182,128
2024-01-02,174,137
2024-01-02,177,147
2024-01-03,187,145
2024-01-03,191,153
2024-01-04,182,159
2024-01-04,179,150
2024-01-05,184,166
2024-01-05,181,156
2024-01-06,178,155
2024-01-06,175,146
2024-01-07,178,143
2024-01-07,181,152
2024-01-08,214,192
2024-01-08,212,180
2024-01-09,212,185
2024-01-09,215,198
2024-01-09,215,197
2024-01-09,214,198
2024-01-10,207,183
2024-01-10,209,195
2024-01-11,213,198
2024-01-11,211,185
2024-01-11,214,198
2024-01-12,211,186
2024-01-12,214,198
2024-01-13,190,167
2024-01-13,192,178
2024-01-14,185,158
2024-01-14,187,168
2024-01-15,210,180
2024-01-15,213,192
2024-01-16,207,182
2024-01-16,210,193
2024-01-16,210,192
2024-01-17,204,176
2024-01-17,207,187
2024-01-18,205,184
2024-01-18,202,174
2024-01-18,205,185
2024-01-19,215,196
2024-01-19,212,186
2024-01-20,196,180
2024-01-20,194,171
2024-01-21,199,169
2024-01-21,200,169
2024-01-21,197,160
2024-01-22,205,189
2024-01-22,202,178
2024-01-23,195,179
2024-01-23,195,178
2024-01-23,193,171
2024-01-24,188,171
2024-01-24,188,172
2024-01-24,187,171
2024-01-24,185,164
2024-01-25,189,169
2024-01-25,188,169
2024-01-25,186,161
2024-01-26,188,171
2024-01-26,186,162
2024-01-27,179,146
2024-01-27,182,153
2024-01-28,179,140
2024-01-28,181,148
2024-01-29,194,176
2024-01-29,192,164
2024-01-30,189,166
2024-01-30,191,175
2024-01-31,188,175
2024-01-31,179,159
2024-02-01,194,179
2024-02-01,194,178
2024-02-02,189,174
2024-02-02,189,173
2024-02-03,183,149
2024-02-03,183,150
2024-02-04,182,142
2024-02-04,182,143
2024-02-05,188,168
2024-02-05,188,167
2024-02-06,190,169
2024-02-06,189,170
2024-02-06,190,170
2024-02-07,186,169
2024-02-07,186,170
2024-02-08,182,166
2024-02-08,182,167
2024-02-09,187,168
2024-02-09,187,167
2024-02-10,170,147
2024-02-10,170,146
2024-02-11,177,140
2024-02-11,177,141
2024-02-12,185,166
2024-02-12,185,167
2024-02-13,187,165
2024-02-13,187,167
2024-02-13,187,166
2024-02-14,183,164
2024-02-14,183,165
2024-02-15,182,163
2024-02-15,182,164
2024-02-16,176,159
2024-02-16,177,160
2024-02-17,160,143
2024-02-17,160,142
2024-02-18,170,133
2024-02-18,170,132
2024-02-19,179,160
2024-02-19,179,159
2024-02-20,180,163
2024-02-20,180,164
2024-02-21,183,164
2024-02-21,182,163
2024-02-21,182,164
2024-02-22,186,168
2024-02-22,186,167
2024-02-23,187,167
2024-02-23,187,166
2024-02-24,173,149
2024-02-24,173,150
2024-02-25,171,138
2024-02-25,171,139
2024-02-26,185,164
2024-02-26,185,165
2024-02-26,184,165
2024-02-27,184,168
2024-02-27,184,169
2024-02-28,179,166
2024-02-28,179,167
2024-02-29,171,156
2024-02-29,178,163
2024-02-29,179,163
2024-03-01,184,167
2024-03-01,184,166
2024-03-02,171,144
2024-03-02,171,143
2024-03-03,166,133
2024-03-03,166,134
2024-03-04,177,163
2024-03-04,177,162
2024-03-05,180,167
2024-03-05,180,168
2024-03-06,186,174
2024-03-06,186,175
2024-03-07,182,170
2024-03-07,182,171
2024-03-08,180,168
2024-03-08,180,167
2024-03-09,161,143
2024-03-09,161,144
2024-03-09,162,144
2024-03-10,164,139
2024-03-10,164,140
2024-03-11,177,162
2024-03-11,177,161
2024-03-12,181,168
2024-03-12,181,167
2024-03-13,179,164
2024-03-13,179,165
2024-03-14,172,158
2024-03-14,171,157
2024-03-15,168,154
2024-03-15,168,155
2024-03-16,156,136
2024-03-16,155,135
2024-03-17,159,131
2024-03-17,159,132
2024-03-18,175,159
2024-03-18,175,160
2024-03-19,171,151
2024-03-19,171,152
2024-03-20,167,152
2024-03-20,167,153
2024-03-21,166,153
2024-03-21,166,152
2024-03-22,159,146
2024-03-22,159,147
2024-03-23,157,137
2024-03-23,156,136
2024-03-24,166,136
2024-03-24,166,135
2024-03-25,166,154
2024-03-25,166,153
2024-03-26,163,152
2024-03-26,163,153
2024-03-27,175,163
2024-03-27,175,164
2024-03-28,172,160
2024-03-28,172,159
2024-03-29,146,127
2024-03-29,146,128
2024-03-30,143,125
2024-03-30,143,126
2024-03-31,140,105
2024-03-31,153,115
2024-03-31,154,115
2024-03-31,155,116
2024-04-01,168,123
2024-04-01,168,127
2024-04-02,174,149
2024-04-02,175,149
2024-04-02,174,144
2024-04-03,168,152
2024-04-03,168,157
2024-04-04,165,149
2024-04-04,165,145
2024-04-05,163,137
2024-04-05,163,142
2024-04-06,151,119
2024-04-06,151,115
2024-04-07,145,106
2024-04-07,145,110
2024-04-07,146,110
2024-04-08,149,135
2024-04-08,149,131
2024-04-09,171,148
2024-04-09,171,152
2024-04-10,170,153
2024-04-10,170,148
2024-04-11,170,144
2024-04-11,170,140
2024-04-12,161,134
2024-04-12,161,138
2024-04-13,161,113
2024-04-13,161,117
2024-04-14,148,103
2024-04-14,148,106
2024-04-14,148,107
2024-04-15,164,138
2024-04-15,164,134
2024-04-16,173,147
2024-04-16,172,143
2024-04-16,172,147
2024-04-17,172,154
2024-04-17,172,158
2024-04-18,176,160
2024-04-18,176,156
2024-04-19,185,157
2024-04-19,185,162
2024-04-20,177,135
2024-04-20,177,139
2024-04-21,172,137
2024-04-21,172,133
2024-04-21,173,137
2024-04-22,183,170
2024-04-22,183,165
2024-04-23,181,169
2024-04-23,180,164
2024-04-24,175,158
2024-04-24,175,163
2024-04-25,172,156
2024-04-25,172,151
2024-04-25,173,156
2024-04-26,171,152
2024-04-26,171,147
2024-04-27,154,125
2024-04-27,153,120
2024-04-27,153,125
2024-04-28,161,117
2024-04-28,161,121
2024-04-29,161,141
2024-04-29,161,136
2024-04-29,161,140
2024-04-30,156,137
2024-04-30,144,123
2024-05-01,169,130
2024-05-02,164,146
2024-05-02,164,145
2024-05-03,160,148
2024-05-03,159,147
2024-05-04,146,121
2024-05-05,144,112
2024-05-05,144,113
2024-05-06,163,146
2024-05-07,167,150
2024-05-07,167,151
2024-05-08,156,142
2024-05-08,157,142
2024-05-09,139,115
2024-05-10,143,120
2024-05-10,144,121
2024-05-11,137,110
2024-05-12,147,105
2024-05-13,161,134
2024-05-13,161,135
2024-05-14,164,138
2024-05-14,164,137
2024-05-15,165,142
2024-05-15,165,143
2024-05-16,161,145
2024-05-16,162,146
2024-05-17,155,140
2024-05-17,156,140
2024-05-18,140,118
2024-05-18,140,117
2024-05-18,139,117
2024-05-19,134,106
2024-05-19,133,106
2024-05-20,135,109
2024-05-20,135,110
2024-05-21,157,140
2024-05-22,163,139
2024-05-22,164,140
2024-05-23,165,146
2024-05-23,166,146
2024-05-24,153,140
2024-05-24,153,141
2024-05-25,141,116
2024-05-25,142,117
2024-05-26,140,108
2024-05-26,141,108
2024-05-27,154,139
2024-05-28,151,133
2024-05-28,152,133
2024-05-28,152,134
2024-05-29,158,137
2024-05-30,149,134
2024-05-31,158,144
2024-05-31,146,134
2024-06-01,151,121
2024-06-01,150,120
2024-06-01,150,121
2024-06-02,150,113
2024-06-02,150,112
2024-06-03,151,139
2024-06-03,152,140
2024-06-04,155,133
2024-06-04,155,132
2024-06-04,156,133
2024-06-05,159,133
2024-06-05,159,134
2024-06-05,159,132
2024-06-06,157,134
2024-06-06,158,135
2024-06-06,157,135
2024-06-07,160,134
2024-06-07,160,133
2024-06-08,149,115
2024-06-08,150,116
2024-06-08,149,116
2024-06-09,153,109
2024-06-09,153,108
2024-06-10,153,130
2024-06-10,153,132
2024-06-11,165,140
2024-06-11,166,142
2024-06-12,159,134
2024-06-12,159,135
2024-06-13,151,132
2024-06-13,151,131
2024-06-14,152,135
2024-06-14,152,136
2024-06-15,165,116
2024-06-15,165,115
2024-06-16,152,103
2024-06-16,152,104
2024-06-17,152,130
2024-06-17,153,132
2024-06-18,150,133
2024-06-18,150,132
2024-06-19,159,136
2024-06-19,159,135
2024-06-20,162,141
2024-06-20,163,142
2024-06-20,162,142
2024-06-21,165,139
2024-06-21,165,140
2024-06-22,161,118
2024-06-22,161,119
2024-06-22,161,120
2024-06-23,156,111
2024-06-23,156,110
2024-06-24,163,131
2024-06-24,164,133
2024-06-25,168,136
2024-06-25,167,135
2024-06-26,162,139
2024-06-26,162,140
2024-06-26,162,138
2024-06-27,160,138
2024-06-27,160,137
2024-06-27,160,136
2024-06-28,173,137
2024-06-28,173,135
2024-06-29,158,120
2024-06-29,158,119
2024-06-30,146,100
2024-06-30,157,110
2024-07-01,159,134
2024-07-01,160,135
2024-07-01,159,135
2024-07-02,164,135
2024-07-02,163,135
2024-07-03,159,137
2024-07-04,171,133
2024-07-04,171,132
2024-07-05,166,131
2024-07-05,165,130
2024-07-06,170,119
2024-07-06,170,118
2024-07-07,154,108
2024-07-08,150,128
2024-07-08,150,129
2024-07-09,160,134
2024-07-09,159,134
2024-07-10,156,140
2024-07-10,155,140
2024-07-10,155,139
2024-07-11,153,136
2024-07-11,153,137
2024-07-12,155,137
2024-07-13,154,112
2024-07-14,148,103
2024-07-14,147,103
2024-07-15,154,130
2024-07-15,154,131
2024-07-16,164,132
2024-07-16,164,133
2024-07-17,150,129
2024-07-17,150,130
2024-07-18,151,130
2024-07-18,150,130
2024-07-19,146,129
2024-07-19,147,129
2024-07-19,146,128
2024-07-20,138,110
2024-07-21,137,105
2024-07-21,137,104
2024-07-21,138,105
2024-07-22,149,126
2024-07-22,150,127
2024-07-23,147,124
2024-07-24,148,123
2024-07-24,148,124
2024-07-25,146,121
2024-07-25,147,122
2024-07-26,142,121
2024-07-26,142,122
2024-07-27,143,109
2024-07-27,143,108
2024-07-27,144,109
2024-07-28,142,101
2024-07-29,145,119
2024-07-30,145,123
2024-07-30,146,124
2024-07-31,130,116
2024-07-31,141,125
2024-07-31,140,125
2024-08-01,122,104
2024-08-01,123,106
2024-08-01,122,106
2024-08-02,130,112
2024-08-02,130,114
2024-08-02,131,114
2024-08-03,132,102
2024-08-03,132,105
2024-08-04,134,98
2024-08-04,134,96
2024-08-05,139,121
2024-08-05,139,118
2024-08-06,148,126
2024-08-06,148,123
2024-08-06,149,126
2024-08-07,146,131
2024-08-07,146,128
2024-08-08,146,128
2024-08-08,145,128
2024-08-08,145,126
2024-08-09,155,125
2024-08-09,155,122
2024-08-10,144,107
2024-08-10,144,110
2024-08-11,139,105
2024-08-11,139,103
2024-08-12,157,131
2024-08-12,158,133
2024-08-13,154,133
2024-08-13,154,130
2024-08-14,155,135
2024-08-14,155,132
2024-08-14,156,135
2024-08-15,155,128
2024-08-15,155,125
2024-08-16,152,132
2024-08-16,152,129
2024-08-17,137,115
2024-08-17,137,117
2024-08-18,130,110
2024-08-18,131,110
2024-08-18,130,107
2024-08-19,147,127
2024-08-19,147,130
2024-08-20,153,132
2024-08-20,154,134
2024-08-20,153,134
2024-08-21,158,133
2024-08-21,158,136
2024-08-22,154,135
2024-08-22,154,132
2024-08-22,155,135
2024-08-23,155,132
2024-08-23,156,135
2024-08-24,140,117
2024-08-24,140,114
2024-08-25,139,112
2024-08-25,139,109
2024-08-26,151,133
2024-08-26,151,136
2024-08-27,155,132
2024-08-27,155,135
2024-08-27,156,135
2024-08-28,155,136
2024-08-28,156,136
2024-08-28,155,134
2024-08-29,155,136
2024-08-29,155,138
2024-08-30,154,135
2024-08-30,154,138
2024-08-31,143,118
2024-08-31,144,118
2024-08-31,133,107
2024-09-01,146,111
2024-09-02,149,137
2024-09-02,149,136
2024-09-03,153,140
2024-09-03,153,139
2024-09-04,156,141
2024-09-04,155,140
2024-09-04,155,141
2024-09-05,158,141
2024-09-05,158,142
2024-09-06,149,133
2024-09-06,149,134
2024-09-07,140,114
2024-09-07,140,115
2024-09-08,145,113
2024-09-09,159,139
2024-09-09,159,140
2024-09-10,165,137
2024-09-10,165,138
2024-09-11,164,145
2024-09-11,163,145
2024-09-11,163,144
2024-09-12,154,144
2024-09-12,153,144
2024-09-12,153,142
2024-09-13,163,147
2024-09-13,163,146
2024-09-14,149,124
2024-09-14,149,126
2024-09-15,135,113
2024-09-15,135,112
2024-09-15,136,113
2024-09-16,153,143
2024-09-16,152,143
2024-09-16,152,142
2024-09-17,156,144
2024-09-17,156,146
2024-09-17,157,146
2024-09-18,156,142
2024-09-18,156,141
2024-09-18,156,143
2024-09-19,157,142
2024-09-19,157,141
2024-09-19,158,142
2024-09-20,159,137
2024-09-20,159,138
2024-09-21,140,117
2024-09-21,140,118
2024-09-22,132,112
2024-09-22,131,111
2024-09-22,131,112
2024-09-23,157,144
2024-09-23,158,145
2024-09-23,157,145
2024-09-24,159,143
2024-09-24,158,142
2024-09-25,159,144
2024-09-25,160,144
2024-09-25,159,143
2024-09-26,173,150
2024-09-26,173,151
2024-09-26,174,151
2024-09-27,186,146
2024-09-27,186,145
2024-09-28,170,128
2024-09-28,171,129
2024-09-28,170,129
2024-09-29,154,117
2024-09-29,154,118
2024-09-30,171,141
2024-09-30,158,131
2024-09-30,171,142
2024-10-01,165,150
2024-10-01,164,142
2024-10-02,161,139
2024-10-02,161,147
2024-10-03,167,143
2024-10-03,168,152
2024-10-04,166,144
2024-10-04,166,153
2024-10-05,148,129
2024-10-05,147,122
2024-10-06,151,116
2024-10-06,151,123
2024-10-07,162,144
2024-10-07,162,136
2024-10-08,175,153
2024-10-08,175,144
2024-10-09,169,139
2024-10-09,169,148
2024-10-10,177,139
2024-10-10,177,148
2024-10-11,163,138
2024-10-11,164,146
2024-10-12,166,124
2024-10-12,167,132
2024-10-13,164,120
2024-10-13,163,114
2024-10-14,162,147
2024-10-14,162,138
2024-10-15,167,141
2024-10-15,167,150
2024-10-16,185,142
2024-10-16,186,150
2024-10-17,168,147
2024-10-17,168,139
2024-10-18,164,149
2024-10-18,163,140
2024-10-19,150,122
2024-10-19,150,129
2024-10-20,173,119
2024-10-20,172,113
2024-10-21,167,136
2024-10-21,167,145
2024-10-22,166,138
2024-10-22,167,146
2024-10-23,163,143
2024-10-23,164,152
2024-10-24,165,150
2024-10-24,165,141
2024-10-25,166,149
2024-10-25,166,140
2024-10-26,154,124
2024-10-26,154,132
2024-10-27,155,111
2024-10-27,155,118
2024-10-28,168,147
2024-10-28,168,139
2024-10-29,164,151
2024-10-29,164,143
2024-10-30,165,146
2024-10-30,165,155
2024-10-31,162,143
2024-10-31,169,156
2024-10-31,169,157
2024-11-01,182,143
2024-11-01,182,144
2024-11-01,182,145
2024-11-02,165,135
2024-11-02,165,137
2024-11-03,171,127
2024-11-03,171,128
2024-11-04,178,156
2024-11-04,178,158
2024-11-05,177,157
2024-11-05,177,159
2024-11-06,178,158
2024-11-06,178,160
2024-11-07,178,163
2024-11-07,177,161
2024-11-08,179,158
2024-11-08,179,160
2024-11-09,159,140
2024-11-09,159,138
2024-11-10,167,135
2024-11-10,167,133
2024-11-11,187,161
2024-11-11,187,164
2024-11-12,188,169
2024-11-12,188,171
2024-11-13,194,177
2024-11-13,194,174
2024-11-14,193,176
2024-11-14,193,173
2024-11-15,193,172
2024-11-15,193,174
2024-11-16,172,152
2024-11-16,172,154
2024-11-17,170,142
2024-11-17,170,140
2024-11-18,188,167
2024-11-18,188,165
2024-11-19,192,170
2024-11-19,192,173
2024-11-20,200,178
2024-11-20,200,181
2024-11-21,212,193
2024-11-21,212,190
2024-11-22,212,194
2024-11-22,211,191
2024-11-23,194,169
2024-11-23,194,172
2024-11-24,184,149
2024-11-24,184,152
2024-11-25,194,173
2024-11-25,194,171
2024-11-26,194,173
2024-11-26,194,171
2024-11-27,198,174
2024-11-27,198,171
2024-11-28,200,177
2024-11-28,201,180
2024-11-29,205,183
2024-11-29,205,180
2024-11-30,181,156
2024-11-30,189,165
2024-12-01,184,154
2024-12-01,184,155
2024-12-02,195,176
2024-12-02,195,178
2024-12-03,197,178
2024-12-03,197,180
2024-12-04,203,184
2024-12-04,204,186
2024-12-05,207,186
2024-12-05,207,188
2024-12-06,194,176
2024-12-06,194,178
2024-12-07,182,162
2024-12-07,182,160
2024-12-08,186,154
2024-12-08,186,156
2024-12-09,209,187
2024-12-09,210,189
2024-12-10,210,189
2024-12-10,210,191
2024-12-11,215,191
2024-12-11,215,192
2024-12-12,211,192
2024-12-12,211,193
2024-12-13,208,191
2024-12-13,208,193
2024-12-14,186,169
2024-12-14,186,171
2024-12-15,183,158
2024-12-15,183,157
2024-12-16,199,178
2024-12-16,199,180
2024-12-17,195,180
2024-12-17,195,179
2024-12-18,194,177
2024-12-18,194,178
2024-12-19,194,174
2024-12-19,194,175
2024-12-20,198,175
2024-12-20,198,177
2024-12-21,187,158
2024-12-21,187,157
2024-12-22,180,154
2024-12-22,180,152
2024-12-23,195,169
2024-12-23,195,167
2024-12-24,184,160
2024-12-24,184,162
2024-12-25,184,152
2024-12-25,184,151
2024-12-26,180,159
2024-12-26,180,157
2024-12-27,183,167
2024-12-27,183,168
2024-12-28,175,161
2024-12-28,175,159
2024-12-29,175,152
2024-12-29,175,153
2024-12-30,189,168
2024-12-30,189,166
2024-12-31,185,167
2024-12-31,176,157
2025-01-01,187,149
2025-01-01,187,148
2025-01-02,173,154
2025-01-02,173,153
2025-01-03,187,167
2025-01-03,187,168
2025-01-04,180,166
2025-01-04,180,168
2025-01-04,180,167
2025-01-05,171,147
2025-01-05,171,148
2025-01-06,192,167
2025-01-06,192,169
2025-01-06,192,168
2025-01-07,195,174
2025-01-07,195,176
2025-01-08,195,175
2025-01-08,195,176
2025-01-09,192,173
2025-01-09,192,174
2025-01-10,202,184
2025-01-10,202,185
2025-01-11,188,168
2025-01-11,187,168
2025-01-11,187,167
2025-01-12,189,163
2025-01-12,189,162
2025-01-13,214,193
2025-01-13,214,194
2025-01-14,218,198
2025-01-14,219,199
2025-01-15,215,194
2025-01-15,216,195
2025-01-16,212,193
2025-01-16,212,194
2025-01-17,211,193
2025-01-17,211,192
2025-01-17,211,191
2025-01-18,191,170
2025-01-18,191,171
2025-01-19,191,164
2025-01-19,190,163
2025-01-20,208,188
2025-01-20,209,189
2025-01-21,210,192
2025-01-21,210,194
2025-01-21,210,193
2025-01-22,211,194
2025-01-22,211,195
2025-01-23,204,186
2025-01-23,204,187
2025-01-24,197,177
2025-01-24,198,179
2025-01-25,170,150
2025-01-25,170,149
2025-01-26,177,143
2025-01-26,176,142
2025-01-26,176,143
2025-01-27,198,175
2025-01-27,198,176
2025-01-28,201,178
2025-01-28,201,179
2025-01-29,196,175
2025-01-29,196,174
2025-01-30,197,178
2025-01-30,197,180
2025-01-31,188,172
2025-01-31,197,182
2025-01-31,197,181
2025-02-01,185,164
2025-02-01,185,165
2025-02-02,177,154
2025-02-02,177,155
2025-02-03,205,184
2025-02-03,206,184
2025-02-04,204,186
2025-02-05,207,190
2025-02-06,211,195
2025-02-07,201,186
2025-02-07,202,186
2025-02-08,176,163
2025-02-09,171,150
2025-02-10,191,179
2025-02-10,191,178
2025-02-10,192,178
2025-02-11,192,179
2025-02-12,190,176
2025-02-12,190,175
2025-02-13,200,183
2025-02-14,212,192
2025-02-14,212,191
2025-02-14,213,191
2025-02-14,213,192
2025-02-15,189,168
2025-02-15,189,169
2025-02-16,187,157
2025-02-17,204,187
2025-02-18,204,189
2025-02-19,199,186
2025-02-20,191,180
2025-02-21,187,172
2025-02-22,169,149
2025-02-23,169,141
2025-02-23,169,140
2025-02-24,183,168
2025-02-24,183,167
2025-02-25,188,172
2025-02-26,197,180
2025-02-27,200,180
2025-02-28,193,175
2025-02-28,184,167
2025-03-01,173,158
2025-03-01,173,157
2025-03-02,175,147
2025-03-02,175,148
2025-03-03,191,168
2025-03-03,191,169
2025-03-04,187,167
2025-03-04,187,168
2025-03-04,188,168
2025-03-04,188,169
2025-03-05,184,167
2025-03-05,184,166
2025-03-06,183,164
2025-03-06,184,164
2025-03-06,183,163
2025-03-07,179,159
2025-03-07,179,160
2025-03-07,179,161
2025-03-07,180,161
2025-03-08,163,137
2025-03-08,164,138
2025-03-08,163,138
2025-03-09,157,127
2025-03-09,157,126
2025-03-10,176,156
2025-03-10,176,157
2025-03-11,180,159
2025-03-11,180,160
2025-03-12,187,169
2025-03-12,187,168
2025-03-13,189,170
2025-03-13,189,169
2025-03-14,189,171
2025-03-14,189,172
2025-03-14,190,172
2025-03-15,180,155
2025-03-15,180,156
2025-03-16,182,147
2025-03-16,182,148
2025-03-16,183,148
2025-03-17,190,168
2025-03-17,190,167
2025-03-18,188,166
2025-03-18,188,167
2025-03-18,188,168
2025-03-19,184,159
2025-03-19,184,160
2025-03-19,185,160
2025-03-20,177,157
2025-03-20,176,156
2025-03-20,176,157
2025-03-21,169,154
2025-03-21,170,155
2025-03-21,170,156
2025-03-22,154,128
2025-03-22,155,129
2025-03-22,154,129
2025-03-23,155,122
2025-03-23,155,123
2025-03-24,170,151
2025-03-24,170,150
2025-03-24,171,151
2025-03-25,178,156
2025-03-25,178,157
2025-03-25,178,155
2025-03-26,176,160
2025-03-26,176,159
2025-03-27,179,160
2025-03-27,178,159
2025-03-27,179,161
2025-03-28,172,157
2025-03-28,172,156
2025-03-29,167,140
2025-03-29,167,141
2025-03-30,157,123
2025-03-30,157,124
2025-03-30,158,125
2025-03-31,173,152
2025-03-31,NA,NA
2025-03-31,173,151
2025-03-31,157,137
2025-04-01,177,157
2025-04-01,177,153
2025-04-02,168,152
2025-04-02,168,153
2025-04-02,167,148
2025-04-03,166,144
2025-04-03,167,148
2025-04-04,167,140
2025-04-04,167,144
2025-04-05,157,118
2025-04-05,157,122
2025-04-06,156,117
2025-04-06,156,113
2025-04-07,174,146
2025-04-07,174,142
2025-04-08,172,147
2025-04-08,171,143
2025-04-08,172,148
2025-04-08,NA,NA
2025-04-09,165,142
2025-04-09,165,146
2025-04-10,163,145
2025-04-10,162,141
2025-04-11,162,142
2025-04-11,161,138
2025-04-12,NA,NA
2025-04-12,146,118
2025-04-12,146,122
2025-04-13,149,113
2025-04-13,149,117
2025-04-14,159,138
2025-04-14,159,139
2025-04-14,158,134
2025-04-15,154,137
2025-04-15,155,141
2025-04-15,155,142
2025-04-16,167,149
2025-04-16,167,150
2025-04-16,167,145
2025-04-17,166,148
2025-04-17,166,153
2025-04-18,142,126
2025-04-18,142,122
2025-04-18,142,125
2025-04-19,140,118
2025-04-19,140,114
2025-04-19,140,117
2025-04-20,135,109
2025-04-20,135,113
2025-04-21,139,112
2025-04-21,139,116
2025-04-22,152,132
2025-04-22,152,136
2025-04-22,152,137
2025-04-23,163,144
2025-04-23,162,139
2025-04-24,160,147
2025-04-24,160,143
2025-04-25,160,140
2025-04-25,160,144
2025-04-26,145,120
2025-04-26,145,116
2025-04-27,140,106
2025-04-27,140,110
2025-04-28,150,126
2025-04-28,150,130
2025-04-28,150,131
2025-04-29,153,133
2025-04-29,153,128
2025-04-29,153,132
2025-04-30,148,130
2025-04-30,136,115
2025-05-01,145,121
2025-05-01,145,122
2025-05-02,152,126
2025-05-03,142,115
2025-05-03,142,114
2025-05-04,148,112
2025-05-04,148,113
2025-05-05,169,149
2025-05-06,174,153
2025-05-07,174,153
2025-05-08,163,147
2025-05-09,166,143
2025-05-09,166,144
2025-05-10,144,118
2025-05-11,140,108
2025-05-11,140,107
2025-05-12,160,139
2025-05-12,161,139
2025-05-13,159,137
2025-05-13,159,138
2025-05-14,160,134
2025-05-15,157,135
2025-05-16,158,134
2025-05-16,159,135
2025-05-17,141,116
2025-05-17,141,117
2025-05-18,133,105
2025-05-18,133,106
2025-05-19,149,131
2025-05-19,149,132
2025-05-20,158,140
2025-05-20,158,141
2025-05-21,160,143
2025-05-21,160,142
2025-05-22,161,147
2025-05-22,161,148
2025-05-23,165,140
2025-05-24,158,116
2025-05-25,154,112
2025-05-25,154,113
2025-05-26,158,139
2025-05-26,158,138
2025-05-27,156,140
2025-05-27,156,141
2025-05-27,157,138
2025-05-28,156,143
2025-05-28,156,141
2025-05-29,149,110
2025-05-30,158,117
2025-05-31,140,108
2025-05-31,140,107
2025-05-31,129,98
2025-06-01,151,101
2025-06-01,152,102
2025-06-02,160,132
2025-06-02,161,134
2025-06-03,172,131
2025-06-03,172,132
2025-06-04,168,135
2025-06-04,168,136
2025-06-05,161,136
2025-06-05,161,135
2025-06-06,173,132
2025-06-06,173,131
2025-06-07,150,116
2025-06-07,151,116
2025-06-08,167,103
2025-06-08,166,102
2025-06-09,151,104
2025-06-09,150,102
2025-06-10,165,126
2025-06-10,165,127
2025-06-11,161,127
2025-06-11,162,129
2025-06-12,163,130
2025-06-12,164,132
2025-06-13,167,132
2025-06-13,167,131
2025-06-14,158,113
2025-06-14,159,114
2025-06-15,147,105
2025-06-15,147,107
2025-06-16,161,127
2025-06-16,162,129
2025-06-17,161,130
2025-06-17,160,128
2025-06-18,161,131
2025-06-18,160,130
2025-06-19,162,126
2025-06-19,163,127
2025-06-20,165,128
2025-06-20,166,130
2025-06-21,152,112
2025-06-21,152,113
2025-06-22,153,104
2025-06-22,154,105
2025-06-23,170,132
2025-06-23,171,133
2025-06-24,171,131
2025-06-24,172,133
2025-06-25,162,133
2025-06-25,163,135
2025-06-26,162,137
2025-06-26,163,139
2025-06-27,165,132
2025-06-27,164,130
2025-06-28,160,110
2025-06-28,161,112
2025-06-29,152,105
2025-06-29,153,106
2025-06-30,165,136
2025-06-30,152,124
2025-07-01,169,139
2025-07-02,171,139
2025-07-03,163,141
2025-07-04,168,136
2025-07-05,155,113
2025-07-06,146,107
2025-07-07,154,132
2025-07-08,167,133
2025-07-09,165,128
2025-07-10,157,127
2025-07-11,151,127
2025-07-12,147,108
2025-07-13,144,102
2025-07-14,157,129
2025-07-15,157,130
2025-07-16,155,129
2025-07-17,165,125
2025-07-18,151,121
2025-07-19,145,109
2025-07-20,140,100
2025-07-21,142,121
2025-07-22,143,118
2025-07-23,147,119
2025-07-24,145,123
2025-07-25,139,118
2025-07-26,135,106
2025-07-27,139,99
2025-07-28,152,121
2025-07-29,159,118
2025-07-30,151,119
2025-07-31,133,106
2025-09-04,NA,NA
2025-09-05,NA,NA
2025-09-06,NA,NA
2025-09-07,NA,NA
2025-09-08,NA,NA
2025-09-09,NA,NA
2025-09-10,NA,NA
2025-09-11,NA,NA
2025-09-12,NA,NA
2025-09-13,NA,NA
2025-09-14,NA,NA
2025-09-15,NA,NA
2025-09-16,NA,NA
2025-09-17,NA,NA
2025-09-18,NA,NA
2025-09-19,NA,NA
2025-09-20,NA,NA
2025-09-21,NA,NA
2025-09-22,NA,NA
2025-09-23,NA,NA
2025-09-24,NA,NA
2025-09-25,NA,NA
2025-09-26,NA,NA
2025-09-27,NA,NA
2025-09-28,NA,NA
2025-09-29,NA,NA
2025-09-30,NA,NA
2025-10-01,NA,NA
2025-10-02,NA,NA
2025-10-03,NA,NA
2025-10-04,NA,NA
2025-10-05,NA,NA
2025-10-06,NA,NA
2025-10-07,NA,NA
2025-10-08,NA,NA
2025-10-09,NA,NA
2025-10-10,NA,NA
2025-10-11,NA,NA
2025-10-12,NA,NA
2025-10-13,NA,NA
2025-10-14,NA,NA
2025-10-15,NA,NA
2025-10-16,NA,NA
2025-10-17,NA,NA
2025-10-18,NA,NA
2025-10-19,NA,NA
2025-10-20,NA,NA
2025-10-21,NA,NA
2025-10-22,NA,NA
2025-10-23,NA,NA
2025-10-24,NA,NA
2025-10-25,NA,NA
2025-10-26,NA,NA
2025-10-27,NA,NA
2025-10-28,NA,NA
2025-10-29,NA,NA
2025-10-30,NA,NA
2025-10-31,NA,NA
2025-11-01,NA,NA
2025-11-02,NA,NA
2025-11-03,NA,NA
2025-11-04,NA,NA
2025-11-05,NA,NA
2025-11-06,NA,NA
2025-11-07,NA,NA
2025-11-08,NA,NA
2025-11-09,NA,NA
2025-11-10,NA,NA
2025-11-11,NA,NA
2025-11-12,NA,NA
2025-11-13,NA,NA
2025-11-14,NA,NA
2025-11-15,NA,NA
2025-11-16,NA,NA
2025-11-17,NA,NA
2025-11-18,NA,NA
2025-11-19,NA,NA
2025-11-20,NA,NA
2025-11-21,NA,NA
2025-11-22,NA,NA
2025-11-23,NA,NA
2025-11-24,NA,NA
2025-11-25,NA,NA
2025-11-26,NA,NA
2025-11-27,NA,NA
2025-11-28,NA,NA
2025-11-29,NA,NA
2025-11-30,NA,NA
2025-12-01,NA,NA
2025-12-02,NA,NA
2025-12-03,NA,NA
2025-12-04,NA,NA
2025-12-05,NA,NA
2025-12-06,NA,NA
2025-12-07,NA,NA
2025-12-08,NA,NA
2025-12-09,NA,NA
2025-12-10,NA,NA
2025-12-11,NA,NA
2025-12-12,NA,NA
2025-12-13,NA,NA
2025-12-14,NA,NA
2025-12-15,NA,NA
2025-12-16,NA,NA
2025-12-17,NA,NA
2025-12-18,NA,NA
2025-12-19,NA,NA
2025-12-20,NA,NA
2025-12-21,NA,NA
2025-12-22,NA,NA
2025-12-23,NA,NA
2025-12-24,NA,NA
2025-12-25,NA,NA
2025-12-26,NA,NA
2025-12-27,NA,NA
2025-12-28,NA,NA
2025-12-29,NA,NA
2025-12-30,NA,NA
2025-12-31,NA,NA
2026-01-01,NA,NA
